custom_id,wordpress_id,title
1,571,בלנדר אראביכ
3,573,המרכז לצדק חברתי בעיר חריש
4,574,ירושלמית מדוברת
5,575,הרחבת מאמנט בחברה הערבית ופיתוח מאמנט בחברה הערבית
6,577,מסע חברתי- מפגש של סטודנטים ממגזרים מגוונים למספר ימים חוויתיים בטבע
7,578,מעיין במדבר
8,579,סטודיו משלך- מרכז לאומנות נשים
13,586,ארגון אחד זהויות רבות
15,589,מנהיגות צעירה לצמצום הרדיקליזציה ברשתות החברתיות והגברת החשיבה הביקורתית
17,591,חזקים ביחד
18,592,מכינות כיוונים לחיים משותפים בחיפה
19,593,שוות ביחד
21,595,תוכנית ניר
22,596,הינשוף קידום אומנות רב תרבותית בלוד ככלי לטוב משותף
23,598,מעגלים מגוונים בקהילה יצירת שיח משתף בין קהילות דרום תל אביב
24,601,הליכות דיאלוגיות במרחב השכונתי עירוני
25,602,חוקרים יחד
26,603,מסע בין אדם למקום
28,606,ערוגות של תרבויות
33,612,זה לצד זה – מודל ירושלמי לשכונה מעורבת
34,613,חממה לחיים משותפים
36,615,מכתבתי אלאולה
39,618,שווות ביחד
44,624,פשוט להיפגש בדיגיטאל
45,625,דוגרי
46,626,יפו בוחרת בחיים
47,627,Migvanim: a multicultural dialogue in the neighborhoods of south Tel Aviv
48,628,תוכנית התיכונים למנהיגות ובמשפט
49,629,אקלים של אחדות
50,630,חברותא בסלון
52,632,מרכז חדשנות אזורי לקיימות חברתית jacahub: Jewish-Arab Carmel Area Hub
53,633,נפגשים בשבילי אברהם אבינו
54,634,עיוני – קבוצת תיאטרון לנשות רהט ונשות שדרות
56,636,קואליציית המנהיגות של עכו
58,639,מכוונים גאווה
59,640,מעגל סבאיא – מעגל נשים בגליל העליון
60,641,מעגלי חיכאיאת (סיפורים)
61,643,נוער מנהיג שינוי בנחל
62,644,נעות
63,645,על המקאם הזה: אמנות התרגום כאפשרות למפגש
64,646,שיח נשי יהודי מוסלמי
65,648,דיאלוג בין תרבויות מוזיקליות
67,650,יצירת מרחב לשיח ושיתוף פעולה בבסמת וקרית טבעון
68,651,סיורים מספרים
70,596,הינשוף קידום אומנות רב תרבותית בלוד ככלי לטוב משותף
71,574,ירושלמית מדוברת
74,593,שוות ביחד
78,658,העצמה ובניית חוסן אישי בקרב צעירי החברה הערבית בלוד
79,659,התכנית לסטודנטים מצטיינים במערכת החינוך לצמיחה חברתית וחיבור בין הקבוצות השונות בחברה הישראלית
80,660,להתחיל ב800
81,661,"לשתף בכאב, ליצור תקווה"
82,662,מובילות חיבור
84,664,נשות ירושלים
85,665,ערבות
86,666,קבוצות לימוד בין דתיות
87,667,שותפות בתנועה
88,668,שכנות טובה
91,672,"בניא (bunya) – לומדים לתקשר, להכיר ולהתחבר – הכשרת פעילים חברתיים"
92,673,ג’ודו עם שכנים
94,675,מקהלת ראנה- מקהלת הנשים הערבית-יהודית ביפו
95,676,פיתוח תוכן יעודי להכשרות מורים בתחום שיקום היחסים בין קבוצות בחברה הישראלית
98,679,הליכות דאלוגיות במרחב השכונתי / עירוני BEDO
99,680,חממה לחיים משותפים בארגוני הנוער
100,681,חממת יזמות תרבות-תיירות לנשים יוצרות בחברה הבדואית בנגב סטודיו משלך
101,641,מעגלי חיכאיאת (סיפורים)
102,682,מעגל סבאיא –  מעגל נשים שותפות
103,633,נפגשים בשבילי אברהם אבינו
104,645,על המקאם הזה: אמנות התרגום כאפשרות למפגש
105,683,שיח נשי יהודי מוסלמי  יוזמות תקווה
107,684,שכונת הפסיפס
108,685,חִבּוּרֵי יַלְדוּת
110,687,אקוסיסטם הבוסתן לתמיכה בחברה משותפת
111,688,לחיות ביחד
112,689,רוקמות שותפות
113,690,נוער מוביל תרבות
115,692,מסע בית הלל
117,694,כפר סטודנטים יהודי-ערבי
118,695,יוצרים עתיד: חינוך אזרחי לדמוקרטיה בהכשרה להוראה
120,697,אנסמבל הנוער של הגליל של תזמורת ירושלים מזרח ומערב
121,662,מובילות חיבור
122,698,גשרים של הכרות
125,701,ספריה דו לשונית ערבית – עברית בלוד לעידוד קריאה בגיל הרך
126,702,עוטף דג- כיתות האמן הטיפוליות של 100 דגים- הדג נחש
128,639,מכוונים גאווה
129,704,מעגלי נשים סבאיא
130,705,הכשרת מנחים ופיתוח תוכן להפחתת דעות קדומות וגזענות
131,706,בניית שדה השיח הבין-דתי בישראל
132,707,נשות הדבש של נחל ציפורי
134,709,"בוניה (bunya) ) – לומדים לתקשר, להכיר ולהתחבר"
2,572,החממה -  אלדפיאה מנהיגות נשית ויזמות מקומית
9,580,סיור נרטיבים ביפו - בית סיסטם עאלי
10,581,"תוכנית ""הרשת"" והקמת ""הרשתית"" האב החברתי בבית שאן"
11,582,"תכנית נמ""ל מצמיחים"
12,585,מתגלה - חיבורים לאור ירח- מפגש דיאלוג ולימוד משותף אחת לחודש לאור ירח
14,588,הפאב החברתי 'העצלן'
16,590,חיים משותפים 'תוצרת השכונה' מצילות מזון
20,594,מפרשים - כולנו בסירה אחת
27,604,נהר החיים - בין ביוגרפיה אישית לביוגרפיה חברתית כמצע לחיים משותפים מיטיבים
29,607,רשם אקטיביזם העיתונאי - התנועה לעיתונות ציבורית
30,608,תג מאיר בקמפוס - סניף בן גוריון
31,609,"בונים את המשותף - מנכ""ל רמלה"
32,611,"אנסמבל ""קול הנוער"" - תיאטרון לקידום נוער בסיכון בעיר רמלה"
35,614,מחנכי עיר - אשכול בית הכרם
37,616,מרכז את'קפאת -תרבות משותפת בנגב
38,617,קולאז': השמעת קול בשפת הצילום של מגוון הקהילות בישראל
40,620,אשת אשכולות - סופרסונס
42,622,חדיקתנא (גינתנו)- שותפות נשים ערביות ויהודיות בגינה קהילתית בג'לג'וליה
43,598,"מעגלים  מגוונים בקהילה יצירת שיח משתף בין קהילות דר' ת""א"
51,631,"מרכז ""ניסאן"" במכון ון-ליר"
55,635,שוף אל נוף - מיזם טיולים משותפים
57,637,בין השמשות - המרכז לתרבות המחלוקת
66,649,הקמת בית-ספר רב-תרבותי צומח בגליל המערבי: שלב א'
69,653,Blend.Arabicבלנדר - המודל הארצי - מדברים באמת
72,654,מזרעה - חוות בארי מרכז קהילתי תחת כיפת שמיים
73,598,"מעגלים  מגוונים בקהילה יצירת שיח משתף בין קהילות דר' ת""א"
75,655,אדבר איתך - שתי שפות. אהבה אחת בהובלת תזמורת המהפכה ובשיתוף משרד החינוך
76,656,דג עוטף - 100 דגים מיסודה של הדג נחש
77,657,הוילג' - בית הנשים
83,663,"מרחב רב תרבותי בבי""ס תווים לילדי לוד על הרצף האוטיסטי"
89,669,תוואסול - מתחברים
90,671,ביחד למען משאב אזורי - שותפות להצלת ים המלח
93,674,"חברתי - ארץ, עיר, שכונה ובית"
96,677,שותפות ערבית-יהודית חוף הכרמל - ארוע אופני שטח בפרדיס
97,678,המשך - אקלים של אחדות
106,635,שוף אל נוף - מיזם טיולים משותפים
109,686,במה משותפת - תיאטרון לקירוב לבבות
114,691,חינוך לשותפות - רשויות שכנות
116,693,חברה משותפת - המודל המקומי
119,696,"מועדון האופניים הקהילתי ""המסלול יפו"""
123,699,זורנא - קולקטיב ארטיביסטי יהודי ערבי לתרבות ולשינוי
124,700,"שיפור מערכות יחסים בחברה מגוונת ומקוטבת בדרך ה-U; התוכנית: ""לפלס דרכים"""
127,703,אדבר איתך - שתי שפות. אהבה אחת.
133,708,"חמ""ל התרבות בנגב – מקדמים תרבות משותפת"
