id,post_title,post_name_en,post_content,post_status,post_type,location,operating_org,project_link,geographic_region,recruitment_cycle,target_audience,latitude,longitude,cohurt,image_file_name
1,בלנדר אראביכ,Blend.Arabic,"קידום לכידות חברתית בחברה הישראלית באמצעות בית ספר ללימוד השפה והתרבות הערבית, תוך יצירת אינטראקציות בין הקבוצות השונות",publish,project,"ירושלים ,אבו גוש ,לוד ויפו        ובכל רחבי הארץ",בלנדר,www.blenarabic.com,ירושלים,מחזור א,צעירים וסטודנטים | יהודים וערבים,31.761695,35.174569,דיאלוג ושיח,בלנדר מחזור א.psd
2,החממה -  אלדפיאה מנהיגות נשית ויזמות מקומית,The Incubator,יצירת מרחב חיים משותף באמצעות פיתוח מנהיגות נשית מקומית משותפת שמוציאה לפועל יוזמות קהילתיות משותפות,publish,project,ירושלים,פרזטנס,https://www.talpaz.org.il/page.php?type=shluha&id=3625&bc=AC11,ירושלים,מחזור א,יהודים וערבים | אנשי מקצוע ופעילים,31.7784,35.2216,מנהיגות ויזמות,
3,המרכז לצדק חברתי בעיר חריש,Center for Social Justice,יצירת בית לפעילים חברתיים בחריש המהווה פלטפורמה לפעילות. מקום קהילתי ויוצר תרבות בו אנשים מקהילות שונות חוברים כדי להיטיב יחד בעיר.,publish,project,חריש,תנועת הבוגרים של השומר הצעיר,https://merkazim.org/about/,כרמל,מחזור א,אנשי מקצוע ופעילים,32.4698,35.0435,קהילה ורווחה | מנהיגות ויזמות,מרכזים לצדק חברתי.jpg
4,ירושלמית מדוברת,Jerusalem women talk,קהילת נשים ירושלמיות ממערב ומזרח העיר המקדמות היכרות מעמיקה בין האוכלוסיות השונות בעיר באמצעות מרחב נשי וצמצום פערים ואי שיוויון הנובעים מפערי שפה,publish,project,ירושלים,כולנא ירושלים,https://www.facebook.com/YerushalmitMeduberet,ירושלים,מחזור א,נשים | יהודים וערבים,31.7683,35.2137,דיאלוג ושיח,ירושלמית מדוברת.jpeg
5,הרחבת מאמנט בחברה הערבית ופיתוח מאמנט בחברה הערבית,Mamanet  Four Tribes,פלטפורמה לקהילת אימהות מכלל גווניה של החברה בישראל ליצירת שיח דרך משחק ופעילות ספורטיבית למען עתיד משותף,publish,project,בכל רחבי הארץ,מאמאנט - ליגת אימהות בכדורשת,www.mamanet.org.il,מרכז,מחזור א,נשים | יהודים וערבים,32.0878,34.8877,ספורט | קהילה ורווחה,מאמאנט.jpg
6,מסע חברתי- מפגש של סטודנטים ממגזרים מגוונים למספר ימים חוויתיים בטבע,Social Journey,"מסע שפועל במרחבי הטבע, בדרום ובצפון, כחלק בלתי נפרד מתוכניות לימודים אקדמית במטרה להפגיש קבוצות מנוגדות מהחברה ולהפוך להיות תנועה חברתית משפיעה",publish,project,בכל רחבי הארץ,רוח נכון,https://m.facebook.com/masahevratii,דרום,מחזור א,צעירים וסטודנטים | יהודים וערבים,31.0461,34.8516,טבע וסביבה | דיאלוג ושיח,רוח נכון.jpg
7,מעיין במדבר,Ma'ayan Bamidbar - Desert Spring,יצירת גשרים וחברויות בין סטודנטים ערבים ויהודים תוך חיזוק החיים המשותפים בתוך המוסדות האקדמיים באמצעות לימוד שפה ותרבות,publish,project,פריסה ארצית מתל חי בצפון ועד באר שבע בדרום,עמותת ציוני דרך,https://www.tzioneiderech.com/maayanbamidbar,דרום,מחזור א,צעירים וסטודנטים | יהודים וערבים,30.6102,34.8019,תרבות ואומנות | דיאלוג ושיח,מעיין במדבר.jpg
8,סטודיו משלך- מרכז לאומנות נשים,Studio of Her Own - Hub for women artists,סטודיו שמהווה בית ומרחב ליצירה לנשים אומניות ויוצרות מכלל גווניה של החברה בישראל לטובת הרחבת הייצוג של אומנות נשים בארץ תוך ביסוס קהילת אומניות המעשירה את השיח,publish,project,ירושלים,סטודיו משלך,https://studioofherown.com/,ירושלים,מחזור א,נשים,31.7823,35.2314,תרבות ואומנות | חינוך,סטודיו משלך.jpg
9,סיור נרטיבים ביפו - בית סיסטם עאלי,Show Tours in Jaffa,קידום ושינוי חברתי-תרבותי-פוליטי על ידי שימוש בכלים מעולם האומנות והתרבות באמצעות סיורים והופעות בעיר יפו,publish,project,יפו,בית סיסטם עאלי,www.Beitsystemali.com,מרכז,מחזור א,אנשי מקצוע ופעילים,32.0504,34.7522,תרבות ואומנות | דיאלוג ושיח,סיסטם עלי.jpg
10,"תוכנית ""הרשת"" והקמת ""הרשתית"" האב החברתי בבית שאן",City Valley Network,"רשת חברתית של עשייה מקומית, חיבורים ויוזמות קהילתיות המשותפות לאנשי העיר ואנשי העמק",publish,project,בית-שאן ועמק המעיינות,אין,https://www.facebook.com/people/%D7%94%D7%A8%D7%A9%D7%AA-%D7%A2%D7%99%D7%A8%D7%A2%D7%9E%D7%A7/100064470441457/,צפון,מחזור א,אנשי מקצוע ופעילים,32.4973,35.496,קהילה ורווחה | מנהיגות ויזמות,הרשת בית שאן.jpg
11,"תכנית נמ""ל מצמיחים",Namal Habayit program for multisectoral leadership,בניית קבוצות מנהיגות מצמיחה של בני נוער אשר מחברים בין אנשים מקהילות שונות המקדמות לכידות בחברה הישראלית,publish,project,מרכז וצפון,עמותת מצמיחים,https://international979.wixsite.com/website?lang=he,מרכז,מחזור א,נוער וילדים | יהודים וערבים,32.099509,34.865065,קהילה ורווחה | מנהיגות ויזמות,מצמיחים.jpg
12,מתגלה - חיבורים לאור ירח- מפגש דיאלוג ולימוד משותף אחת לחודש לאור ירח,Reveal - Women's full moon meeting,"יצירת מרחב נשי המאפשר שיח פתוח, מקום להיטען, מרחב למפגש של כל אישה עם עצמה ועם נשים מקבוצות מגוונות שלומדות ונפגשות יחד לאור ירח מלא",publish,project,גדרה ואשקלון,עמותת חברים בטבע,www.friendsbynature.org/he_il,מרכז,מחזור א,נשים,31.817738,34.774585,טבע וסביבה | דיאלוג ושיח,חברים בטבע.jpg
13,ארגון אחד זהויות רבות,One Organization Many Identities,"להוות בית לנוער וצעירים להט""בים ולקדם הכשרה מעמיקה לרוחב הארגון באמצעות  בית מדרש, סמינרים, וציון חגים משותפים",publish,project,בכל רחבי הארץ,איגי - ארגון הנוער והצעירים הגאה,www.igy.org.il,מרכז,מחזור ב,"נוער וילדים | להט""ב | יהודים וערבים",32.064165,34.787256,קהילה ורווחה | חינוך,איגי1.jpg
14,הפאב החברתי 'העצלן',HaAtzlan Social Pub,יצירת תרבות עירונית צעירה ומפגש רב תרבותי של מגוון אוכלוסיות העיר וקהילותיה,publish,project,בית-שמש,עמותת קהילת צעירי בית שמש,https://www.facebook.com/profile.php?id=100083828583764&mibextid=ZbWKwL,ירושלים,מחזור ב,קהל מגוון,31.7497,34.9886,קהילה ורווחה | תרבות ואומנות,הפאב החברתי העצלן.jpg
15,מנהיגות צעירה לצמצום הרדיקליזציה ברשתות החברתיות והגברת החשיבה הביקורתית,Young Leadership to reduce radicalization on social media and increase critical thinking,הכשרת מנהיגות צעירה המסוגלת להשפיע ברשתות החברתיות לצמצום ההתלהמות והגזענות באמצעות תוכניות הכשרה לתלמידים מהחברה הבדואית והיהודית ברהט ובבאר שבע,publish,project,"רהט, באר שבע ואיזור הנגב",עמותת השחר החדש,https://www.facebook.com/anewdawnegev?mibextid=ZbWKwL,דרום,מחזור ב,נוער וילדים | יהודים וערבים,31.397292,34.759517,חינוך | מנהיגות ויזמות | דיאלוג ושיח,עמותת השחר החדש.jpg
16,חיים משותפים 'תוצרת השכונה' מצילות מזון,The Pantry,"נשים מכל חלקי העיר וקהילת ""מצילות המזון"" נפגשו לסדרת סדנאות שיתופיות לשימור מזון, מורשת ותרבות. דרך למידת מתכונים אישיים, האוכל משמש ככלי לאיחוד קהילתי, הנעת פעולה קולקטיבית ויצירת שינוי חברתי.",publish,project,ירושלים,מצילות המזון (חלק ממוסללה ארט),,ירושלים,מחזור ב,יהודים וערבים,31.793383,35.189307,קהילה ורווחה,מצילות המזון.jpg
17,חזקים ביחד,Strong together - Capoeira for Change,פלטפורמה לנערים מרקעים שונים למפגש ושיח משותף ומתן כלים מקצועיים להתמודדות עם השונה  באמצעות קפוארה,publish,project,בכל רחבי הארץ,עמותת חרדים לקצב,https://www.facebook.com/haredimlaketzev?mibextid=LQQJ4d,מרכז,מחזור ב,נוער וילדים | יהודים וערבים,32.086409,34.830959,ספורט | חינוך | דיאלוג ושיח,חזקים ביחד מספר 13.jpg
18,מכינות כיוונים לחיים משותפים בחיפה,Kivunim mechinot for shared living,"היכרות וחיבור בין צעירות וצעירים עם מוגבלות מדתות ותרבויות שונות, הלוקחים חלק בפעילות המכינות לחיים עצמאיים",publish,project,חיפה,עמותת כיוונים,www.kvn.org.il,צפון,מחזור ב,מוגבלויות | צעירים וסטודנטים,32.782795,35.012232,חינוך | דיאלוג ושיח,תמונה כוונים מספר 4.jpg
19,שוות ביחד,Shavot Beyachad - Equal together,"היוזמה יוצרת מפגש ושיח בין קבוצות בערים מעורבות כדי לגשר על פערים חברתיים ופוליטיים. באמצעות היכרות וקירוב לבבות במרחב המשותף, הפעילות מחברת בין הקהילות למרות האתגרים.",publish,project,"רמלה, יפו, עכו ויפיע",שוות,https://www.shavot.org/copy-of-%D7%A9%D7%95%D7%95%D7%AA-%D7%91%D7%9E%D7%93%D7%A2-%D7%95%D7%91%D7%98%D7%9B%D7%A0%D7%95%D7%9C%D7%95%D7%92%D7%99%D7%94,צפון,מחזור ב,נוער וילדים | יהודים וערבים,31.9316,34.8729,דיאלוג ושיח,ג'ינדאס - העמותה להתחדשות עירונית וחברתית.jpg
20,מפרשים - כולנו בסירה אחת,We're all in the same boat - Sailing project,מסע ימי קבוצתי של ספינה חברתית שמקדמת דיאלוג בין סטודנטים יהודים וערבים כדי לבנות קבוצת מנהיגות רב תרבותית שתשפיע הלאה על המעגלים החברתיים המגוונים בקמפוסים,publish,project,חופי הים מהרצליה צפונה וחיפה ובקמפוסים ובאוניברסיטאות המגוונות,"עמותת מפרשים בשת""פ עמותת טופז ומבט",www.mifrasim.org.il,מרכז,מחזור ב,צעירים וסטודנטים | יהודים וערבים,32.1648,34.8446,דיאלוג ושיח | ספורט,כולנו בסירה אחת.jpg
21,תוכנית ניר,NEAR program,"חיבור בין תלמידים ותלמידות מקהילות מגוונות, יהודים וערבים, באמצעות פלטפורמה דיגיטלית ללמידה משותפת ולמפגש משותף בעיר ירושלים (מזרח ומערב העיר)",publish,project,ירושלים ובמרחב הדיגיטלי,עמותת ניר                                                  ועיריית ירושלים,www.near.org.il,ירושלים,מחזור ב,נוער וילדים | יהודים וערבים,31.7683,35.2137,טכנולוגיה | חינוך,תכנית ניר מספר 19.jpg
22,הינשוף קידום אומנות רב תרבותית בלוד ככלי לטוב משותף,The Owl - Local Art and Culture Magazine,פיתוח וביסוס פלטפורמה אשר מעניקה מרחב ליצירה מקומית וקידום אמנים מקומיים באמצעות מגזין ליצירת מרחב לתרבות מקומית,publish,project,לוד (מרכז הצעירים) וברחבי העיר,"חברי קהילת ""תא דואר לוד""                         מיזם רשת קהילות בני מקום, מרכז הצעירים בלוד",https://www.2link.co.il/flipbook/lod-rtl,מרכז,מחזור ב,צעירים וסטודנטים,31.948204,34.891738,תרבות ואומנות,ינשוף תמונה מספר 17.jpg
23,מעגלים מגוונים בקהילה יצירת שיח משתף בין קהילות דרום תל אביב,Diverse voices – multicultural dialogue in South Tel Aviv,"קבוצה מגוונת של תושבים ותושבות מהשכונות, במסגרת תוכנית מנהיגות ליצירת דיאלוג רב תרבותי על ידי למידה והיכרות התרבויות והקהילות הקיימות",publish,project,"דרום ת""א",עמותת הפרדס,www.facebook.com/hapardestlv,מרכז,מחזור ב,צעירים וסטודנטים | דתיים וחילונים,32.050191,34.780479,מנהיגות ויזמות,מגוונים'.jpg
24,הליכות דיאלוגיות במרחב השכונתי עירוני,Dialogue walks in urban spaces,"קידום אינטראקציות מיטיבות בין תושבים מקבוצות שונות בעזרת פרקטיקה של ""הליכות דיאלוגיות"" במרחבים העירוניים",publish,project,בית-שמש וחולון,"עמותת BeDo - לחולל שינוי,אחרת",https://bedo.org.il/,ירושלים,מחזור ב,נשים,31.744705,34.986428,דיאלוג ושיח,שיפור מערכות יחסים.jpg
25,חוקרים יחד,Researching Together,"מפגשים בין תלמידים ותלמידות מרקע תרבותי שונה כפרטנרים שווים לפתרון אתגרים משותפים, מתוך אמונה שלמידה ויצירה משותפת מאפשרת צמיחה משותפת",publish,project,עין שמר המועצה האזורית מנשה,החממה האקולוגית עין-שמר,www.greenhouse.org.il,כרמל,מחזור ב,נוער וילדים,32.5172,35.0076,חינוך | טבע וסביבה,נחל חביבה.jpeg
26,מסע בין אדם למקום,Journey Between Person and Place,"מסעות תהליכיים להעמקת ההכרות עם עולמו של האחר והשונה בסביבתו הטבעית, במטרה לחזק את הסולידריות החברתית ולצמצם את גילויי הגזענות והשנאה הנובעים מפחד",publish,project,בכל רחבי הארץ,חברותא קרן יוזמות,www.tzofit.com,ירושלים,מחזור ב,קהל מגוון,31.7683,35.2137,דיאלוג ושיח,מסע בין אדם למקום מספר 2א.jpg
27,נהר החיים - בין ביוגרפיה אישית לביוגרפיה חברתית כמצע לחיים משותפים מיטיבים,Choose life - Between personal biography and social biography as a foundation for good shared living,"הקמה של קבוצת אומנים מקומית פעילה המייצגת את מגוון הקהילות בחולון כדי ליצור מרחב של למידה, שיח ויצירה אמנותית לכדי סיפור חברתי משותף",publish,project,חולון,"ניצנים יהדות, ציונות, ישראליות",https://www.holon.muni.il/Lists/List2/CustomDispForm.aspx?ID=2228,מרכז,מחזור ב,קהל מגוון,32.0158,34.7874,תרבות ואומנות,נהר החיים מספר 7.jpg
28,ערוגות של תרבויות,Gardens of cultures (Arugot shel tarbuyot),"יצירת במה למפגש רב-תרבותי המאפשר ביטוי הייחודיות של כל קהילה ומציאת המשותף בין תושבי הקהילות השונות בבאר שבע וסביבתה, באמצעות עבודה חקלאית בחוות בארי",publish,project,באר-שבע והסביבה,עמותת שבועת האדמה,www.Earthspromise.org.il,דרום,מחזור ב,יהודים וערבים,31.252,34.7915,תרבות ואומנות | טבע וסביבה,ערוגות של תרבויות  מספר 10_.jpg
29,רשם אקטיביזם העיתונאי - התנועה לעיתונות ציבורית,Journalist Activism Network,"מפגש בין קבוצות שונות ולאפשר להן לייצר יחד עיתונות שתבטא קולות מגוונית, ולפרסם סיפורים שלא היו מתאפשרים לולא שיתוף הציבור",publish,project,בכל רחבי הארץ,התנועה לעיתונות ציבורית,https://www.itonut.org.il/,מרכז,מחזור ב,קהל מגוון,32.062132,34.789334,דיאלוג ושיח,רשת האקטיביזם העיתונאי.jpg
30,תג מאיר בקמפוס - סניף בן גוריון,Tag Meir on campus,מפגשי סטודנטים לקידום חיים משותפים ולמאבק בגזענות תוך ממשק עם קהילות שונות באזור באר שבע,publish,project,באר-שבע,פורום תג מאיר,www.tag-meir.org.il,דרום,מחזור ב,צעירים וסטודנטים,31.2614,34.7997,דיאלוג ושיח | חינוך,״תג מאיר בקמפוס״  מספר 15.jpg
31,"בונים את המשותף - מנכ""ל רמלה",Building Common Ground,בניית מודל לשכונות משותפות באמצעות יצירת מרחב פיזי למפגש וכינון מנהיגות מקומית לשיפור איכות החיים. המודל כולל עבודה קהילתית עם מגוון גילאים וקיום אירועים המזמנים מפגש וחיבור בין כלל תושבי השכונה.,publish,project,רחוב הזית 4 רמלה,קרן רמלה,https://www.ramle-foundation.org/,מרכז,מחזור ג,אנשי מקצוע ופעילים,31.927252,34.853701,קהילה ורווחה,בונים את המשותף.jpg
32,"אנסמבל ""קול הנוער"" - תיאטרון לקידום נוער בסיכון בעיר רמלה",Voice of Youth Ensemble - Theater for advancement of youth at risk,מתן כלים מעולם התיאטרון לסיוע לנוער בסיכון גבוה בבניית תשתית ערכית ורגשית ושיפור השליטה בחייהם. המיזם מקדם השתלבות במעגלים חברתיים וכלכליים באמצעות מסלול אינטנסיבי ותלת-שנתי של לימודי תיאטרון מקצועיים.,publish,project,תל אביב -יפו ורמלה,עמותת קול הנוער,Kolhanoar.com,מרכז,מחזור ג,נוער וילדים,32.04277,34.754489,חינוך | תרבות ואומנות,קול הנוער.jpg
33,זה לצד זה – מודל ירושלמי לשכונה מעורבת,Alongside each other - Jerusalem model for a mixed neighborhood,קידום סובלנות וחיים משותפים בירושלים באמצעות מפגשים בין תושבים ואנשי מקצוע מכלל המגזרים והתפיסות בעיר. המיזם פועל ליצירת מרחב ציבורי הוגן ולמציאת דרכים משותפות להתמודדות עם המורכבויות המאפיינות את המרחב הירושלמי המשותף.,publish,project,שכונות מעורבות בי-ם  חרדים ולא חרדים,הבין-תרבותי ירושלים,http://www.jicc.org.il/,ירושלים,מחזור ג,דתיים וחילונים,31.771028,35.229458,דיאלוג ושיח,זה לצד זה.jpg
34,חממה לחיים משותפים,Incubator for Shared Living,"פיתוח תשתית ארגונית להטמעת תחום החיים המשותפים בארגוני הילדים והנוער. הכשרה מקצועית במסגרת קבוצתית לצד הדרכה ולווי אישי לבעל תפקיד ""רכז חיים משותפים"" במסגרות החינוך הערקי הבלתי פורמלי",publish,project,בכל רחבי הארץ,מכון מרחבים                                              ומועצת ארגוני הנוער,https://qr.page/g/488rmOzR8Kb,מרכז,מחזור ג,נוער וילדים | נשים,31.9697,34.896641,חינוך | דיאלוג ושיח,חממה לחיים משותפים.jpg
35,מחנכי עיר - אשכול בית הכרם,City Educators - Beit HaKerem Cluster,"מטרת העל - במה להשפעה ומסלול התפתחות למחנכות.ים. יצירת תשתיות, שותפויות וכלים שיאפשרו קידום יזמות חינוכית מחוץ לתחומי הכיתה, בהלימה לאתגרים המקומיים, ותוך דגש על שותפויות וחיים משותפים בתהליך הלמידה ובעשייה עצמה",publish,project,"ראמה, כרמיאל ומג'ד אל כרום",חותם,https://www.tfi.org.il/,צפון,מחזור ג,יהודים וערבים | אנשי מקצוע ופעילים,32.915411,35.314875,חינוך | דיאלוג ושיח,מחנכי בית הכרם 2.jpeg
36,מכתבתי אלאולה,My First Library,"עידוד וקידום תחום הקריאה בחברה הערבית והיהודית, במטרה לצמצם פערים ולקדם שוויון ההזדמנויות בחברה הישראלית ובמפגש בלתי אמצעי בין שתי הקהילות",publish,project,ירוחם - רחמה,עמותת אלבאכור,https://al-baqour.org.il/,דרום,מחזור ג,נוער וילדים | יהודים וערבים,30.987091,34.945594,חינוך,מכתבתי.jpg
37,מרכז את'קפאת -תרבות משותפת בנגב,Atkafat Center – Shared culture in the Negev,יצירת מרחב תרבותי משותף חוצה קהילות בנגב והסביבה בין יהודים לערבים ובכך לתרום לחיזוק הדמוקרטיה והחוסן החברתי באזור,publish,project,נגב ויישובי הסביבה,ארץ עיר,https://www.facebook.com/hajarassociation,דרום,מחזור ג,יהודים וערבים,31.114506,34.926435,דיאלוג ושיח,יהודים וערבים שרים יחד-שילוט בבאר שבע.jpeg
38,קולאז': השמעת קול בשפת הצילום של מגוון הקהילות בישראל,Collage: Hearing the voices of diverse communities in Israel through the language of photography,"פלטפורמות לתצוגה, מחקר והפניית זרקור אל נושאים חברתיים באמצעות שפת הצילום",publish,project,בכל רחבי הארץ,פוטו ישראל,https://photoisrael.org/,מרכז,מחזור ג,קהל מגוון,32.055749,34.771712,תרבות ואומנות,Picture3.jpg
39,שווות ביחד,Shavot Beyachad - Equal together,"קידום שויון הזדמנויות וצמצום פערי מגדר, דרך חיזוק נערות ומתן כלים למימוש הפונטנציאל",publish,project,"רמלה,יפו ועכו",שוות,https://www.shavot.org/copy-of-%D7%A9%D7%95%D7%95%D7%AA-%D7%91%D7%9E%D7%93%D7%A2-%D7%95%D7%91%D7%98%D7%9B%D7%A0%D7%95%D7%9C%D7%95%D7%92%D7%99%D7%94,צפון,מחזור ג,נוער וילדים | יהודים וערבים,32.935394,35.088617,חינוך,WhatsApp Image 2023-03-06 at 14.56.18.jpeg
40,אשת אשכולות - סופרסונס,Eshet Eshkolot / Accomplished Women,"קידום נשים לעמדות השפעה ברשויות המוניציפליות באמצעות שיתופי פעולה, יזמות עסקית מקומית ורשת קשרים איזורית",publish,project,כנרת והעמקים,"סופרסונס בשת""פ אשכול כנרתעמקים",https://www.supersonas.com/,צפון,מחזור ג,נשים,32.778026,35.534007,מנהיגות ויזמות,אשת אשכולות כנס נשים איזורי.jpeg
41,איחוד קהילות הורים,It takes more than a village,"מיזם של איחוד קהילות הורים. המיזם במתכונתו
המורחבת יפגיש ויאחד שלוש עד ארבע קהילות של הורים
וילדים משלושה עד ארבעה בתי ספר של ישובים בשפלה.",publish,project,נווה שלום,עמותת שיעור אחר,,מרכז,מחזור ג,נוער וילדים |,31.818206,34.980911,חינוך,איחוד קהילות הורים.JPG
42,חדיקתנא (גינתנו)- שותפות נשים ערביות ויהודיות בגינה קהילתית בג'לג'וליה,Hadikatana (Our Garden) – partnership of Arab and Jewish women in community garden in Jaljuliya,יצירת פעילות משותפת יהודית- ערבית של נשים ובני נוער בגינה,publish,project,ג'לג'וליה,הרשת הירוקה,,מרכז,מחזור ג,נוער וילדים | נשים | יהודים וערבים,32.151395,34.953756,סביבה וטבע | דיאלוג ושיח,חדיקתנא.jpg
43,"מעגלים  מגוונים בקהילה יצירת שיח משתף בין קהילות דר' ת""א",Migvanim: a multicultural dialogue in the neighborhoods of south Tel Aviv,"מתוך יוזמה של משתתף בתכנית, בעקבות האירועים וההקצנה בשיח בחברה, הוקם פורום 'אחים אנחנו' שמשתתפים בו מובילי קהילה. נוצרו מפגשי דיאלוג ומפגש בין תושבים המגיעים מתפיסות עולם שונות, ומתוך בחירה לעסוק בחיבור, בהיכרות ובהדברות. והוקם מערך סיורים בשכונה מהזווית הרב תרבותית שמייצגת את המקום",publish,project,שכונת שפירא - במרכז הקהילתי,עמותת הפרדס,www.facebook.com/hapardestlv,מרכז,מחזור ג,צעירים וסטודנטים | דתיים וחילונים,,,דיאלוג ושיח | תרבות,מגוונים.jpg
44,פשוט להיפגש בדיגיטאל,Just meet - Pashut lehipagesh,"היכרות, חשיפה ושיתופי פעולה עם החברה החרדית, חינוך לחיים בשותפות, הורדות חסמים ודעות קדומות.",publish,project,בכל רחבי הארץ,פשוט להיפגש,https://mifgashimh.co.il/,ירושלים,מחזור ג,דתיים וחילונים,31.785039,35.221855,דיאלוג ושיח,פשוט להפגש.jpeg
45,דוגרי,Dugri,"יצירת עתיד מטיב ומשותף לערבים ויהודים. חיבור יהודים, ערבים, ישראלים ופלשתינאים. להקים נרטיב חדש ומתון ולייצר פלטפורמה לשיח כנה ושיתופי פעולה למען עתיד משותף",publish,project,"ישראל, אירופה וארה""ב",גיווינג,https://www.facebook.com/DUGRIproject,מרכז,מחזור ג,צעירים וסטודנטים | יהודים וערבים,32.048083,34.753824,דיאלוג ושיח,דוגרי.jpg
46,יפו בוחרת בחיים,Jaffa Chooses Life,קידום היכרות ושיח בין הקהילות השונות באמצעות פעילויות משותפות,publish,project,יפו,אגודת המפגש הבין דתי,https://www.facebook.com/jaffa.chooselife/,מרכז,מחזור ג,יהודים וערבים,32.048083,34.753824,דיאלוג ושיח | אומנות ותרבות,יפו.jpg
47,Migvanim: a multicultural dialogue in the neighborhoods of south Tel Aviv,שכונת שפירא - במרכז הקהילתי,"From the initiative of a participant in the program, following the events and the extremism in the discourse in society, a forum 'We are brothers' was established in which community leaders participate. Dialogue meetings and a meetings between residents who come from different worldviews were initiated, out of a choice to engage in connection, meeting and conversation. In addition, a series of neighborhood tours was initiated from the multicultural angle that represents the place.",publish,project,Shapira neighborhood – Community Center,The Pardes organization,,מרכז,מחזור ג,דתיים וחילונים,32.05147,34.77528,קהילה ורווחה |מנהיגות ויזמות,
48,תוכנית התיכונים למנהיגות ובמשפט,Program of high schools for leadership and law,"התוכנית מציעה חלופה ללימודי האזרחות הסטנדרטיים עבור תלמידי י""ב, ומפגישה בין קבוצות ומגזרים שונים בחברה הישראלית לשיח מעמיק. הלמידה כוללת כתיבת אמנה משותפת ומהווה בסיס למטלת הביצוע באזרחות בתיאום עם משרד החינוך",publish,project,רמת גן,אוניברסיטת בר-אילן,,מרכז,מחזור ד,נוער וילדים | יהודים וערבים,32.069017,34.843603,חינוך,תוכנית התיכונים למנהיגות ובמשפט.JPG
49,אקלים של אחדות,Climate of Unity,"מיזם המחבר בין קהילות סביב משבר האקלים לחיזוק הסולידריות החברתית דרך למידה, עשייה משותפת ומנהיגות. הפעילות כוללת בניית קהילות מעורבות, אירועי תרבות ושיח סביבתי-ערכי המהווה בסיס לחיבור חיובי בחברה הישראלית.",publish,project,"ירושלים, באר שבע וחיפה- במרחבים הציבוריים",טבע עברי,,ירושלים,מחזור ד,צעירים וסטודנטים | אנשי מקצוע ופעילים,31.779247,35.214493,סביבה וטבע,אקלים של אחדות.jpg
50,חברותא בסלון,Salon Hevruta,"מיזם לקידום קשרים אישיים בין חרדים לחילונים באמצעות מפגשים בחינוך, באקדמיה ובקהילה. הפרויקט מתמקד באירוח נשים בבתים ליצירת תחושת קרבה ומעורבות, ומטרתו לבסס קבוצות שיח קבועות המקדמות סובלנות ואכפתיות בחברה הישראלית.",publish,project,בכל רחבי הארץ- סלונים,איילת השחר,,מרכז,מחזור ד,נשים | דתיים וחילונים,31.893471,34.816868,דיאלוג ושיח,
51,"מרכז ""ניסאן"" במכון ון-ליר",“Nisan” Center at the Van Leer Institute,"פיתוח מסגרת מושגית ואנליטית עבור ארגוני חברה אזרחית העוסקים ביחסי יהודים-ערבים. המיזם כולל כתיבת לקסיקון של 30 מונחי יסוד על ידי חמישה ארגונים משותפים, ועריכת סמינרים להטמעת המושגים והפצתם באופן דיגיטלי.",publish,project,"במקומות שונים: עכו, לוד, נווה שלום, גבעת חביבה, מכון ון ליר.",מכון ון ליר,,ירושלים,מחזור ד,יהודים וערבים | אנשי מקצוע ופעילים,31.769915,35.21539,מנהיגות ויזמות,
52,מרכז חדשנות אזורי לקיימות חברתית jacahub: Jewish-Arab Carmel Area Hub,Regional Innovation Center for Social Sustainability,"מרחב יזמות ועבודה רב-תרבותי לתושבי חוף כרמל, פורדיס וזיכרון יעקב, המהווה פלטפורמה לפיתוח סטארטאפים טכנולוגיים וחברתיים. המיזם מקדם קיימות חברתית ופתרונות עסקיים לצעירים דרך עבודה משותפת, מכינה ותוכנית אקסלרטור.",publish,project,"זכרון יעקב ובפוריידיס, חוף הכרמל וג'יסר א-זרקא",זמארין העמותה לתרבות פנאי וקהילה זכרון יעקב,,כרמל,מחזור ד,יהודים וערבים | אנשי מקצוע ופעילים,32.561231,34.930343,טכנולוגיה | מנהיגות ויזמות,מיזם מאיץ אזורי יהודי -ערבי כרמל.jpg
53,נפגשים בשבילי אברהם אבינו,Meeting in the Path of our Father Abraham,"הנגשת המשותף והבנת השונה בין החברה הדתית-חרדית לחברה הערבית דרך למידה תרבותית ושפתית. המיזם כולל תוכניות הכשרה, סיורים וסדנאות משותפות במיקומים שונים בארץ, במטרה לבסס קשרים בני קיימא וליצור קהילה משותפת.",publish,project,"בכל רחבי הארץ- לוד בני ברק (מודיעין עלית ) וירושלים . כמו כן, ביישובים ערביים שונים בארץ - מזרח ירושלים, אבו גוש, יפו, לוד, כוחלה (נגב), שפרעם וג'לג'וליה.",מכון חכמת התורה,,ירושלים,מחזור ד,יהודים וערבים,31.789647,35.205356,דיאלוג ושיח,בשבילי אברהם אבינו.png
54,עיוני – קבוצת תיאטרון לנשות רהט ונשות שדרות,,,publish,project,,,,דרום,מחזור ד,יהודים וערבים | נשים,31.531135,34.615277,תרבות ואומנות | דיאלוג ושיח,
55,שוף אל נוף - מיזם טיולים משותפים,Shuf al Nuf – Joint trips for Arabs and Jews,"פיתוח מסגרת קהילתית בין-תרבותית לבוגרי תוכניות הדיאלוג של ""מבט"" באקדמיה דרך למידה משותפת ונטוורקינג. המיזם כולל סיורים עירוניים וטיולי שטח חווייתיים המשלבים תרגול שפות (עברית, ערבית ואנגלית) ואירוח בקהילות המוצא לחיזוק הסובלנות.",publish,project,בכל רחבי הארץ- סיורים בגליל חיפה ירושלים ובאר שבע נגב,עמותת מבט,https://www.mabat.org/%D7%A9%D7%95%D7%A3-%D7%90%D7%9C-%D7%A0%D7%95%D7%A3/,כרמל,מחזור ד,יהודים וערבים,32.627769,34.943788,חינוך | מנהיגות ויזמות | דיאלוג ושיח,מיזם שוף אל נוף.jpeg
56,קואליציית המנהיגות של עכו,Acco Leadership Coalition,"הקמת קואליציה מקומית לקידום חברה משותפת ורישות פעילויות לאורך השנה בהשראת ""המודל הירושלמי"". המיזם כולל הכשרות מקצועיות, יוזמות שטח (Grassroots) ושינוי מדיניות מול הרשות, במטרה לבנות תשתית של אמון ומוכנות לזמני חירום.",publish,project,עכו,מרכזים לצדק חברתי,,צפון,מחזור ד,מוגבלויות | יהודים וערבים | אנשי מקצוע ופעילים,32.92747,35.085528,קהילה ורווחה,קואלציית המנהיגות של עכו.png
57,בין השמשות - המרכז לתרבות המחלוקת,Twilight – Center for Culture of Dispute,"מרכז לפיתוח שיח מתוך מחלוקת המבוסס על מודל החיים המשותפים ביישוב שיזף. המיזם מציע סיורים, פאנלים עם תושבים וסדנאות חקירה המפגישים בין דתיים וחילונים סביב פערים בחברה הישראלית, במטרה לטפח תרבות שיח בונה ומקרבת.",publish,project,יישוב שיזף,מיתרים - רשת קהילות וחינוך יהודי משלב,,דרום,מחזור ד,נוער וילדים | נשים | יהודים וערבים,31.002194,34.766589,דיאלוג ושיח,
58,מכוונים גאווה,Directed Toward Pride,"הקמת קבוצות שייכות ותמיכה לצעירים עם מוגבלות מהקהילה הגאה, כחלק מתהליך גיבוש זהות עצמאית במכינות ""כיוונים"". המיזם כולל מפגשים דו-שבועיים בצפון ובזום, בשילוב אירועים ארציים וחיבור לארגוני להט""ב קיימים. הפעילות מיועדת לחניכים, בוגרים וצוות הארגון לחיזוק המעטפת הקהילתית והחברתית.",publish,project,"חיפה מרכז ""אזימוט"" וקבוצות ארציות באיזור המרכז",כוונים-עמותה לקידום צעירים עם צרכים מיוחדים בישראל,,כרמל,מחזור ד,"להט""ב | מוגבלויות | צעירים וסטודנטים",32.817744,34.992031,קהילה ורווחה,מכוונים גאווה.jpg
59,מעגל סבאיא – מעגל נשים בגליל העליון,,"יצירת פלטפורמה למפגש ושיח אינטימי בין סטודנטיות יהודיות, ערביות ודרוזיות בפריפריה, המדגישה את המשותף על פני השונה. התוכנית כוללת מפגשים שבועיים, סיורים וסמינרים הפועלים במודל תלת-שלבי: הבנת האתגרים, גיבוש מנהיגות משותפת והקניית כלים להובלת שינוי חברתי ומעורבות אזרחית.",publish,project,מכללת תל חי,עמותת דרכים,https://hechalutz.com/programs/sabaya/,צפון,מחזור ד,נשים | יהודים וערבים,33.236432,35.5792,דיאלוג ושיח | מניגות ויזמות,מיזם מעגל סבאיא.jpg
60,מעגלי חיכאיאת (סיפורים),Story Circles,"הכשרת נשים יהודיות וערביות בגליל כמספרות סיפורים דו-לשוניות לילדים, במטרה לעצב תודעה רב-תרבותית מגיל צעיר. המיזם כולל כתיבת סיפורים חינוכיים בליווי פדגוגי והקמת ספרייה דיגיטלית לתיעוד הסיפורים המקומיים. דרך כלי ה-Storytelling, המשתתפות בונות עתיד משותף ומשפיעות על הדור הבא באמצעות שפה וזהות.",publish,project,"קליקה"" אזור תעשיה משותף לסכנין-משגב, תרדיון","דיאלוג - אדם, סביבה ומדע",https://hikayat.co.il/,צפון,מחזור ד,נשים | יהודים וערבים,32.867641,35.273358,תרבות ואומנות | דיאלוג ושיח,מעגלי חיכיאיית.jpg
61,נוער מנהיג שינוי בנחל,Youth Leading Change in the Nahal,"תוכנית מפגשים לתלמידים יהודים, צ'רקסים וערבים המבוססת על היכרות עם המרחב הפתוח והנחל הסמוך לביתם. המיזם כולל נבחרת מנהיגות נוער משכבות ח' המשתתפת ב-10 מפגשים חווייתיים, הכוללים חקר טקסטים מהמקורות וסדנת צילום משותפת. הפעילות שואפת לחזק את תחושת השייכות והשותפות במרחב ולייצר דיאלוג משמעותי דרך למידה ועשייה בטבע.",publish,project,אגן נחל תבור - בדגש על עין קאזאן ונחל השבעה,המוזיאון הארכיאולוגי בקיבוץ עין דור,https://eindormuseum.co.il/,צפון,מחזור ד,נוער וילדים,32.656941,35.417116,סביבה וטבע | חינוך,וער מנהיג שינוי בנחל.jpg
62,נעות,Naot – Ma’ba’ad,"סדרת סדנאות מחול ותנועה דו-לשוניות לנשים ערביות, נוצריות ויהודיות ביפו, המשלבת מפגשים עם אמניות מעוררות השראה. המיזם משתמש בגוף ככלי ליצירת ערוצי דיאלוג חדשים ומרחב מוגן לעיסוק בנושאי זהות, נשיות ושותפות. הפעילות שואפת להעצמה אישית וקהילתית, ומסתיימת במפגש עם קבוצות נשים מיישובים מעורבים נוספים לחיזוק הקשרים.",publish,project,"סטודיו יסמין גודר השוכן במרכז תרבות מנדל, בתל אביב. בנוסף לאירועים מיוחדים כמו סיור ביפו, או נסיעה למפגש עם קבוצות נשים נוספות בישובים מעורבים",להקת יסמין גודר,https://www.yasmeengodder.com/he/%D7%A0%D7%A2%D7%95%D7%AA-%D9%85%D8%B9-%D8%A8%D8%B9%D8%B6/,מרכז,מחזור ד,נשים | יהודים וערבים,32.051055,34.760068,תרבות ואומנות | דיאלוג ושיח,מיזם נעות.jpg
63,על המקאם הזה: אמנות התרגום כאפשרות למפגש,On the radar: The art of translation as an opportunity for encounter,"תוכנית שנתית למשוררים יהודים וערבים מאזור הצפון, המקדמת דיאלוג פואטי דרך מלאכת התרגום. המשתתפים לוקחים חלק ב-12 מפגשים של העמקה בסוגיות תרגומיות ועבודה על טקסטים אישיים וקבוצתיים. הפרויקט מגיע לשיאו במופע רב-תחומי ב""חג של החגים"" בבית הגפן ובהפקת ספר יצירות דו-לשוני.",publish,project,"מרכז ""מקום לשירה"" -שוק תלפיות חיפה",מקום לשירה,https://www.poetryplace.org/events/elementor-19109/,כרמל,מחזור ד,יהודים וערבים,32.810757,34.999884,תרבות ואומנות | דיאלוג ושיח,על המקאם הזה.jpg
64,שיח נשי יהודי מוסלמי,Jewish Muslim Women’s Dialogue,"הקמת קבוצות נשים דתיות בלוד, רמלה ועכו ליצירת מודל של שכנות מכבדת וסובלנית בערים מעורבות. התוכנית כוללת 10 מפגשי לימוד ושיח על סוגיות דתיות משותפות ואתגרים במרחב המשותף, לצד סדנאות וטיולים. בסיום הפרויקט, המשתתפות מובילות יוזמה חברתית או חינוכית בעירן לקידום ערכי כבוד הדדי והיכרות בין הקהילות",publish,project,"לוד, רמלה, מרכז צעירים עכו- מתנ""סים מקומיים",מרכזי הגישור בקהילה- גמעיית אל הודא רמאלה,,מרכז,מחזור ד,נשים | יהודים וערבים,31.943592,34.884855,דיאלוג ושיח,ממיזם יוזמות תקוה.jpg
65,דיאלוג בין תרבויות מוזיקליות,Intercultural Musical Dialogue,"תוכנית שנתית המפגישה סטודנטים יהודים וערבים ללימוד יצירות קלאסיות והוראתן בבתי ספר משני המגזרים. המיזם כולל מחנה מוזיקלי עם לינה ופעילויות חברתיות לילדים, המאתגרות אותם לתקשר מעבר למחסום השפה. הפרויקט מגיע לשיאו בקונצרט משותף באקדמיה בירושלים, בו מבצעים הסטודנטים והילדים עיבודים תזמורתיים שנכתבו במיוחד עבור המפגש הרב-תרבותי.",publish,project,"קלנסווה, כפר יונה, חבל אילות",מתנ״ס חבל אילות,,דרום,מחזור ד,נוער וילדים | יהודים וערבים,29.892021,35.063685,תרבות ואומנות | דיאלוג ושיח | חינוך,
66,הקמת בית-ספר רב-תרבותי צומח בגליל המערבי: שלב א',Establishing the Western Galilee Intersection multi-cultural school– Stage 1,"ביסוס שותפות קהילתית בין קיבוץ עברון לכפר מזרעה דרך חינוך דו-לשוני ופעילויות פנאי משותפות. המיזם מקדם ערכים של סובלנות וערבות הדדית כמענה למתחים ביטחוניים, ובנה תשתית של אמון המונעת אלימות במרחב האזורי. כעת, העמותה פועלת להקמת כיתה א' דו-לשונית ראשונה (תש""פ), תוך הרחבת המודל לישובים נוספים בגליל המערבי.",publish,project,"קיבוץ עברון - המטה ובתחומי מועצת מטה אשר , מזרעה, עכו , נהריה והסביבה שבגליל המערבי",חיים ביחד - עמותת הגן הדו-לשוני מזרעה עברון,,צפון,מחזור ד,נוער וילדים | יהודים וערבים,32.988543,35.102034,חינוך | דיאלוג ושיח,בית-ספר רב-תרבותי צומח.jpg
67,יצירת מרחב לשיח ושיתוף פעולה בבסמת וקרית טבעון,Creating space for dialogue and collaboration in Basmat Tab’un and Kiryat Tivon,"תוכנית להפגת זרות ובניית אמון בין תושבי קריית טבעון ובסמת טבעון באמצעות שיקום ""שביל הזעתר"" המחבר בין היישובים. המיזם כולל פעילות משותפת של תלמידי חטיבות ביניים לשדרוג המרחב הציבורי, בליווי רכז דיאלוג ייעודי ממרכז הגישור הקהילתי. הפרויקט יתועד בווידאו ויופץ ברשתות החברתיות כדי לקדם תחושת ביטחון ושותפות במרחב החיים המשותף.",publish,project,קרית טבעון ובסמת טבעון,"רשת מתנ""סים קרית טבעון",,כרמל,מחזור ד,נוער וילדים,32.713184,35.125938,חינוך | סביבה וטבע,קידום דיאלוג ושיתופי פעולה בין קהילות קרית טבעון ובסמת טבעון.jpg
68,סיורים מספרים,Telling Tours,"מיזם המשתמש במקורות המים בעמק המעיינות כפלטפורמה להפגת מתחים היסטוריים וחיזוק הקשר בין תושבי בית שאן למועצה האזורית. המיזם כולל סדרת סיורים לוותיקי האזור סביב אתרי מים שונים, המלווים במעגלי הידברות ותיעוד סיפורים אישיים. הידע שנאסף יונגש באתר אינטרנט ייעודי למטיילים ולקהל הרחב, במטרה להפוך את המתיחות רבת-השנים לשיח של שותפות והיכרות.",publish,project,עמק המעיינות ובעיר בית שאן,מרכז קהילתי בית שאן,,צפון,מחזור ד,קהל מגוון,32.496284,35.49701,סביבה וטבע,סיורים מספרים.png
69,Blend.Arabicבלנדר - המודל הארצי - מדברים באמת,Blend.Ar,"הפעילות וקהילת הבוגרים גדלה (כ-1,000 משתתפים בשנה). הפעילות התרחבה לאזורים גיאוגרפים נוספים ברמה הארצית מחוץ לאבו גוש וכן נוספו מוטבים חדשים - צעירים ערביים שמקבלים התמחות, תכנית מנטורינג והזדמנויות נטוורקינג משמעותיות",publish,project,"אבו גוש, ירושלים, יפו, נווה שלום",בלנדר,www.blenarabic.com,ירושלים,מחזור ד,יהודים וערבים,31.806903,35.112253,דיאלוג ושיח,בלנדר.psd
70,הינשוף קידום אומנות רב תרבותית בלוד ככלי לטוב משותף,The Owl – a local art and culture magazine,המיזם עד כה פעל וממשיך בעיר לוד והשלים 3 מחזורי פעילות ויצאו 3 מגזינים במסגרת פרוייקט הינשוף. המטרה להרחיב את פעולת המיזם ל-2 ערים נוספות ולהרחיב את מודל הפעולה לסדנת אמנים בתחום הכתיבה/ האמנות הפלסטית/ הצילום במטרה ליצור מפגש משמעותי ומפרה בין האמנים מהמגזרים השונים וכן לבנות כלים לפיתוח האמנים והאמנות בפריפריה ככלי לביטוי והבעה של התרבויות המרכיבות את המרקם החברתי בכל עיר,publish,project,"מיזם רשת קהילות בני מקום פועל ב- 12 יישובים ברחבי הארץ, אנו מעוניינים להרחיב את העשייה וליישם את המודל שנבנה בלוד בשלוש ערים בהם פועלת הרשת. לוד, נתניה ואופקים.","חברי קהילת ""תא דואר לוד""                         מיזם רשת קהילות בני מקום, מרכז הצעירים בלוד",https://www.2link.co.il/flipbook/lod-rtl,מרכז,מחזור ד,צעירים וסטודנטים,31.964169,34.873295,תרבות ואומנות,ינשוף מחזור ד.jpg
71,ירושלמית מדוברת,Spoken Jerusalem,"הרחבת הפעילות לקהלים נוספים מחוץ לי-ם. פיתוח קורס עברית וערבית ייחודיים עבור קהלים מגוונים במגזר העסקי והציבורי; תכניות לימוד לשילוב א.נשים מהחברה הערבית באקדמיה ובתעסוקה; וסדנאות לקהלים שונים מרחבי הארץ ומחו""ל המספרות את סיפור הקהילה ומקדמות ערכים של שותפות, סולידריות ועשייה אזרחית.",publish,project,ירושלים -מוסללה מרכז העיר,כולנא ירושלים,https://www.facebook.com/YerushalmitMeduberet,ירושלים,מחזור ד,נשים | דתיים וחילונים,31.7683,35.2137,דיאלוג ושיח,ירושלמית מדוברת.jpeg
72,מזרעה - חוות בארי מרכז קהילתי תחת כיפת שמיים,Mizra’a,"במהלך שנת הפעילות ה-2, פותח קונספט של 'מזרעה' במטרה לשים דגש על המפגש היהודי-ערבי. הפיילוט נחל הצלחה. בעקבות המצב החברתי הכללי והקיטוב והאיבה המתגברים בין הקהילות, התכנית הקרובה  התרחבה והיא מתוכננת ליצור תהליך משמעותי ועמוק יותר שבסופו המשתתפים יזמו יוזמות משותפות ברחבי הנגב וכך להעניק להם ידע בתחומים סביבתיים מגוונים והשראה ליכולת ההשפעה של יוזמות קהילתיות. כמו כן, גובש פורום של פעילים וארגונים מהנגב שעוסקים בדו-קיום, במטרה ליצור רשת של קשרים וחשיבה משותפת שבעזרתם ניתן לתמוך ביוזמות המשתתפים בתכנית.",publish,project,"כל רחבי הנגב ולכלול סיורים במגוון יזמויות סביבתיות בחברה הבדואית והיהודית. המפגש הראשון והאחרון יתקיימו בחוות בארי, בסיס הפעילות של שבועת האדמה בעיר העתיקה בבאר שבע, ומרכז לקהילת הקיימות של הנגב. במהלך התכנית מתוכננים מגוון סיורים בכפרים לא מוכרים, בבאר שבע, ירוחם ושגב שלום.",שבועת האדמה,https://www.2link.co.il/flipbook/lod-rtl,דרום,מחזור ד,צעירים וסטודנטים | יהודים וערבים | אנשי מקצוע ופעילים,31.125551,34.69402,סביבה וטבע | דיאלוג ושיח,מזרעה.jpg
73,"מעגלים  מגוונים בקהילה יצירת שיח משתף בין קהילות דר' ת""א",Migvanim: a multicultural dialogue in the neighborhoods of south Tel Aviv,"מתוך יוזמה של משתתף בתכנית, בעקבות האירועים וההקצנה בשיח בחברה, הוקם פורום 'אחים אנחנו' שמשתתפים בו מובילי קהילה. נוצרו מפגשי דיאלוג ומפגש בין תושבים המגיעים מתפיסות עולם שונות, ומתוך בחירה לעסוק בחיבור, בהיכרות ובהדברות. והוקם מערך סיורים בשכונה מהזווית הרב תרבותית שמייצגת את המקום",publish,project,שכונת שפירא - במרכז הקהילתי,עמותת הפרדס,www.facebook.com/hapardestlv,מרכז,מחזור ד,צעירים וסטודנטים | דתיים וחילונים,32.048957,34.780242,קהילה ורווחה | מנהיגות ויזמות,מגוונים מחזור ד
74,שוות ביחד,Shavot Beyachad - Equal together,"קידום שויון הזדמנויות וצמצום פערי מגדר, דרך חיזוק נערות ומתן כלים למימוש הפונטנציאל",publish,project,"רמלה,יפו ועכו",שוות,https://www.shavot.org/copy-of-%D7%A9%D7%95%D7%95%D7%AA-%D7%91%D7%9E%D7%93%D7%A2-%D7%95%D7%91%D7%98%D7%9B%D7%A0%D7%95%D7%9C%D7%95%D7%92%D7%99%D7%94,מרכז,מחזור ד,נוער וילדים | יהודים וערבים,31.9316,34.8729,חינוך,שוות מחזור ד.JPG
75,אדבר איתך - שתי שפות. אהבה אחת בהובלת תזמורת המהפכה ובשיתוף משרד החינוך,I Shall Speak to You - Two Languages. One Love.,"המיזם ""אדבר איתך"" מקרב בין בני נוער יהודים וערבים דרך לימוד שפה, שירה וחברה משותפת, בשיתוף משרד החינוך. בשיא התוכנית מתקיים מופע של תזמורת המהפכה ונגני נוער, המבצעים שירים בעברית ובערבית ככלי לעידוד סולידריות ורב-תרבותיות. הפעילות כוללת שלושה חלקים: הראשון והאחרון הכוללים מערכי שיעור ופעילות בכיתה יתקיימו בביה""ס בהנחיית המורים, והשני - המופע, יתקיים בשעות ביה""ס באולם הופעות קרוב למיקום ביה""ס, כיציאה מאורגנת כיתתית לחוויית תרבות.",publish,project,"הפעילות כוללת שלושה חלקים: הראשון והאחרון הכוללים מערכי שיעור ופעילות בכיתה יתקיימו בביה""ס בהנחיית המורים, והשני - המופע, יתקיים בשעות ביה""ס באולם הופעות קרוב למיקום ביה""ס, כיציאה מאורגנת כיתתית לחוויית תרבות.",תזמורת המהפכה,https://www.rev-orch.com/%D7%90%D7%93%D7%91%D7%A8-%D7%90%D7%99%D7%AA%D7%9A-%D8%A3%D8%AA%D8%AD%D8%AF%D8%AB-%D8%A5%D9%84%D9%8A%D9%83/  https://www.rev-orch.com/i-shall-speak-to-you/,מרכז,מחזור ה,נוער וילדים | יהודים וערבים,32.121769,34.845025,תרבות ואומנות | דיאלוג ושיח,אדבר איתך מחזור ה.jpg
76,דג עוטף - 100 דגים מיסודה של הדג נחש,Hadag embraces,"סדרת כיתות אמן ייחודיות המשלבות מוזיקה, יצירה וטיפול רגשי ביישובי עוטף עזהמסגרת חדשנית לעיבוד חוויות המלחמה דרך כוחה המרפא של המוזיקה. שילוב מקצועי של מוזיקה וטיפול  הנחייה על ידי אמן מוביל מלהקת הדג נחש יחד עם מטפל רגשי. תהליך מובנה של 13 מפגשים",publish,project,"יישובי עוטף עזה - שדרות, מועצה אזורית שער הנגב ומועצה אזורית אשכול",100 דגים,https://www.100dagim.org/,דרום,מחזור ה,נוער וילדים,31.334167,34.399742,תרבות ואומנות | חינוך,100 דגים מחזור ה.avif
77,הוילג' - בית הנשים,The Village,"הוילג' הוא מועדון אימפקט לנשים המשלב מעורבות חברתית שכונתית, קהילה רב תרבותית ומרחב עבודה וצמיחה משותף לעצמאיות ובעלות עסקים קטנים. הוילג' משמש פלטפורמה לחיבורים מקומיים, נטוורקינג ומעודד מנהיגות נשית מקומית.",publish,project,חיפה,גיוינג,https://thevillagehaifa.com/,כרמל,מחזור ה,נשים | יהודים וערבים,32.807158,35.004156,קהילה ורווחה | מנהיגות ויזמות,הוילג׳ בית לנשים.jpg
78,העצמה ובניית חוסן אישי בקרב צעירי החברה הערבית בלוד,Empowerment and building personal resilience among the youth of the Arab community in Lod to strengthen the fabric of coexistence.,"פעילות בת 7 חודשים במהלכם נבנה מחדש את החוסן הנפשי של הצעירי, העצמת הדימוי העצמי שלהם והכנת הצעירים לניהול דיאלוג משותף בקהילה מעורבת יהודים ערבים ואתיופיים",publish,project,לוד,אזרחים בונים קהילה,https://www.facebook.com/Mowatinon?mibextid=ZbWKwL,מרכז,מחזור ה,צעירים וסטודנטים,31.937114,34.903293,מנהיגות ויזמות | חינוך,העצמה לצעירים ערבים.jpg
79,התכנית לסטודנטים מצטיינים במערכת החינוך לצמיחה חברתית וחיבור בין הקבוצות השונות בחברה הישראלית,Yessodot Center - Students for Public Service in the Ministry of Education,"תכנית בוטיק להכשרה, ליווי ושימור סטודנטים וסטודנטיות מצטיינים במשרד החינוך להשתלבות בתפקידים משמעותיים במערכת החינוך והעלאת מוטיבציה להמשך עשייה בשירות המדינה ובשירות הציבורי",publish,project,ירושלים,מרכז מעשה,https://www.facebook.com/search/top?q=%D7%9E%D7%A8%D7%9B%D7%96%20%D7%99%D7%A1%D7%95%D7%93%D7%95%D7%AA%20%D8%A3%D9%8F%D8%B3%D8%B3,מרכז,מחזור ה,צעירים וסטודנטים,31.957785,34.928428,מנהיגות ויזמות | חינוך,יסודות מחזור ה.jpg
80,להתחיל ב800,Start 800,"המיזם הופך את מסגרות החינוך הבלתי פורמלי להזדמנות לחינוך לערכי סובלנות וסולידריות באמצעות הכשרת צוותים ותוכנית פדגוגית ייעודית. בשיתוף פעולה עם הרשויות המקומיות, אנו מקנים לילדים בגילאי 4 עד 9 כלים לחיים משותפים וקבלת האחר בצהרונים ובקייטנות.",publish,project,"בשנת הלימודים תשפ""ד הפעלנו שתי תוכניות פיילוט: הפיילוט הראשון בראש העין כלל צהרונים של 10 גנים מתוכם שניים ממלכתי דתי ושמונה ממלכתי. הפיילוט השני בחריש כלל צהרונים של שתי כיתות גן ו- 5 כיתות בית ספר (א' וב'). בשנת תשפ""ה השאיפה היא להרחיב את מספר הצהרונים בראש העין וחרי ולהיכנס בפיילוטים לעוד 2 רשויות נוספות.","הזנק 800 בע""מ",https://www.start800.org.il/,כרמל,מחזור ה,נוער וילדים,32.457808,35.048944,חינוך,
81,"לשתף בכאב, ליצור תקווה","Sharing Pain, Creating Hope","המיזם בא לחבר בין הכאב האישי, המשפחתי, הקהילתי והחברתי שנוצר בשבעה באוקטובר לבין התקווה של יצירת מציאות אחרת – מבוססת כבוד האדם, שיתוף פעולה, וצמיחה מהאבל.",publish,project,אירוע ההשקה יתקיים בירושלים. המיזם עצמו יתקיים בכל רחבי הארץ עם דגש על הנגב המערבי,אתגר. עמותה להתמרת סכסוכים,https://www.facebook.com/share/JbdTTPRQ6WxQxWSY/?mibextid=xfxF2i,דרום,מחזור ה,יהודים וערבים,31.373067,34.666807,דיאלוג ושיח,יום הכאב יום התקווה.jpg
82,מובילות חיבור,Movilot Connections,"ארגון ""מובילות חיבור"" מקדם מנהיגות תעסוקתית נשית חרדית כגשר בין מגזרי להפחתת הקיטוב בחברה הישראלית. באמצעות תהליכי מנטורינג וחיבורים בארגונים עסקיים, המיזם רותם נשים ליצירת השפעה וסולידריות חברתית.",publish,project,ארצי,"English: The ""Movilot Chibur"" (Movilot Connection) initiative empowers Haredi women leaders to bridge social gaps and reduce polarization in Israel. By leveraging the influence of women in the business sector, the project fosters sustainable connections and social solidarity.",www.movilot.org.il,מרכז,מחזור ה,נשים | דתיים וחילונים,32.094695,34.853029,מנהיגות ויזמות | דיאלוג ושיח,מובילות חיבור.jpg
83,"מרחב רב תרבותי בבי""ס תווים לילדי לוד על הרצף האוטיסטי",אין מידע,,publish,project,,,,מרכז,מחזור ה,מוגבליות,31.938518,34.883473,חינוך,
84,נשות ירושלים,The Women of Jerusalem,"""נשות ירושלים"" היא תוכנית מנהיגות ומדיה המפתחת הבנה הדדית בין נשים חרדיות, חילוניות וממזרח העיר. המיזם בונה רשת של מנהיגות נשית המשתמשת בכלי תקשורת ודיאלוג כדי לקדם זהות משותפת והובלת שינוי חברתי.",publish,project,מזרח ומערב ירושלים,0202 נקודת מבט מירושלים,https://www.facebook.com/0202updates   https://0202updates.org/,ירושלים,מחזור ה,נשים | יהודים וערבים,31.774375,35.234442,דיאלוג ושיח,נשות ירושלים.jpg
85,ערבות,Arvut,"תוכנית ערבות היא תוכנית מנהיגות לסטודנטים שמגיעים מרקעים ומערכות חינוך שונות. התוכנית מקנה ביסוס רעיוני, כלים ותיאוריה יהודית על צדק חברתי וזהות יהודית-חברתית",publish,project,מקומות שונים בירושלים ובמרכז למורשת יהדות סלוניקי בבר אילן.,מעגלי צדק,https://www.facebook.com/MaagaleiTzedek?mibextid=LQQJ4d,ירושלים,מחזור ה,צעירים וסטודנטים,31.780359,35.206738,חינוך | מנהיגות ויזמות,ערבות.jpg
86,קבוצות לימוד בין דתיות,Interfaith study groups,"הפרוייקט פונה לסוכני שינוי בעלי יכולת השפעה במעגלים רחבים בחברה הישראלית. קהל יעד זה כולל: רבנים, מחנכים, אימאמים, שייח'ים וראשי כנסיה וקהילות בישראל.",publish,project,"המיזם יפעל בפריסה ארצית על בסיס שלוש קבוצות עבודה מרכזיות, מתוכן שתיים תפעלנה באופן אזורי (כגון בצפון ובדרום) ואחת תפעל באופן כלל-ארצי ותתפקד גם כועדת ההיגוי של המיזם.מקומות המפגש הפיזיים יבחרו בהמשך בהתאם להעדפות המשתתפים והמשתתפות",המרכז הבין דתי אור התורה,https://www.facebook.com/profile.php?id=61557545967137&locale=he_IL,ירושלים,מחזור ה,דתיים וחילונים,31.750144,35.201941,דיאלוג ושיח,דיאלוג בין דתי.jpg
87,שותפות בתנועה,Partnership in Movement,"מיזם משותף לארגון אג'יק ותנועת הצופים, במסגרתו רכזים משני הארגונים עוברים קורס הנחיית דיאלוג במהלך השנה ומובילים מפגשים משמעותיים בין קבוצות יהודיות וערביות ברחבי הארץ, של חניכי תנועות הנוער ושנות מעבר יחד עם מתנדבי שנת שירות. במסגרת המפגשים הקבוצות יוצרות מיזמים משותפים לטובת האזור בו הם חיים.",publish,project,פרויקט ארצי,אג'יק מכון הנגב ותנועת הצופים,https://ajeec-nisped.org.il/?page_id=22053&lang=en,דרום,מחזור ה,נוער וילדים | אנשי מקצוע ופעילים,31.256361,34.814525,דיאלוג ושיח | חינוך,אג׳יק.jpg
88,שכנות טובה,Good Neighborship Project,"מפגש חודשי לאורך שנת הלימודים של בני ובנות נוער בדואים-יהודים החיים בהר הנגב. סדרת המפגשים מבוססת על ערכים משותפים ומטרתה להקטין זרות, לסלק דעות קדומות וגילויי גזענות, וליצור קשרים חברתיים חוצי מגזרים בין המשתתפים ובין הקהילות שלהם.",publish,project,"אזור הר הנגב (בין מדרשת בן גוריון למצפה רמון). הפעילות מתקיימות בישובי הר הנגב, יהודים ובדואים, על מנת להכיר את החיים, התרבות והמנהגים המאפיינים את הקהילות בישובים השונים.","קשת- קהילה , תרבות , סביבה",https://keshet.org.il/projects/good-neighborliness/   https://keshet.org.il/en/projects/good-neighbor-ship-project/,דרום,מחזור ה,נוער וילדים | יהודים וערבים,30.736434,34.806579,דיאלוג ושיח,שכנות טובה.avif
89,תוואסול - מתחברים,"Tawasel (Arabic for connected) - An inspiring, hopeful Bedouin experience.","מיזם ""תוואסל"" של עמותת Desert Stars מחבר בין מנהיגות צעירה בחברה הבדואית לחברה הישראלית הרחבה לקידום דיאלוג ושותפות בנגב. באמצעות היכרות מעמיקה עם אתגרי האזור, התוכנית מחזקת את האמונה בשותפות יהודית-ערבית כבסיס לשינוי חברתי בר-קיימא.",publish,project,"מקומות רבים ברחבי הנגב, או הרצאות במקום משלכם.",כוכבי המדבר,https://www.desertstars.org.il/homepage-english,דרום,מחזור ה,יהודים וערבים | נוער וילדים,31.104235,34.879645,מנהיגות ויזמות,תוואסאל.avif
90,ביחד למען משאב אזורי - שותפות להצלת ים המלח,Together for a Regional Treasure - Partnership to Save the Dead Sea,"הפרויקט מתמקד ביצירת קהילת מאבק רב-תרבותית להצלת ים המלח, תוך שילוב צעירים יהודים וערבים בשיתוף פעולה סביבתי וקידום דיאלוג בין-תרבותי",publish,project,ים המלח,מגמה ירוקה,https://www.green.org.il/,דרום,מחזור ה,צעירים וסטודנטים | יהודים וערבים,30.984931,35.35489,סביבה וטבע,ים המלח.jpg
91,"בניא (bunya) – לומדים לתקשר, להכיר ולהתחבר – הכשרת פעילים חברתיים",Binaya - Social activists learn to communicate,"הכשרת פעילים חברתיים בארץ לקידום הקשבה, שפה ועבודה משותפת בשגרה ובמצבי קיצון",publish,project,ירושלים,מדרסה - לומדים לתקשר,www.madrasafree.com,ירושלים,מחזור ה,יהודים וערבים | אנשי מקצוע ופעילים,31.764503,35.222947,דיאלוג ושיח,בניא.jpg
92,ג’ודו עם שכנים,Judo with neighbors,"הפרויקט מחבר בין ילדים ונוער ממועצות שכנות יהודיות וערביות דרך ענף הג'ודו, במטרה לבנות תשתית ספורטיבית משותפת בנגישות שווה. באמצעות אימונים ומפגשים, המיזם רותם את ערכי הספורט לאיחוד בין הקהילות, לחיזוק הקשרים ולקידום כבוד הדדי.",publish,project,"אימוני הג'ודו מתקיימים במועדון הג'ודו שבקיבוץ עין דור. אימוני החשיפה ואימונים מיוחדים מתקיימים במתנ""ס בכפר מצר. הפעילות החברתית הנוספת מתקיימת במוזיאון עין דור.","מ.א עמק יזרעאל, מוזיאון עין דור ומתנ""ס בוסתן אל מרג' שהוא ארגון הגג של המיזם.",,צפון,מחזור ה,נוער וילדים |יהודים וערבים,32.659913,35.425806,ספורט | חינוך,ג׳ודו עם כשכנים.png
93,"חברתי - ארץ, עיר, שכונה ובית","Our community - country, city, neighborhood and home",תערוכה פעילה של אמנים ישראלים במסגרתה מוצגות יצירות העוסקות בתמה חברתית ובערכים של הקשבה וסובלנות תוך כבוד ושמירה על ייחודיות של כל קהילה. לצד היצירות המוצגות בתערוכה משולבות פעילויות חינוכיות למבקרים במטרה לגשר על פערים חברתיים ולקדם שיח סובלנות והדהוד חשיבותה של האחדות,publish,project,"בגלריה במרכז אמנויות ע""ש אפטר-ברר, מעלות תרשיחא עם אפשרות הנדדת התערוכה למקומות נוספים ברחבי הארץ","מרכז אמנויות וגלריה ע""ש אפטר-ברר, מעלות-תרשיחא", www.artsmaalot.com,צפון,מחזור ה,נוער וילדים | יהודים וערבים,33.013626,35.285812,תרבות ואומנות,אומנות מעלות תרשיחא.jpg
94,מקהלת ראנה- מקהלת הנשים הערבית-יהודית ביפו,Rana Choir,"מקהלת ""ראנה"" מיפו מפגישה נשים מוסלמיות, נוצריות ויהודיות ליצירת גשר תרבותי דרך שירה ודיאלוג נשי משותף. באמצעות רפרטואר רב-לשוני ומופעים, המקהלה מציגה מודל לחיים משותפים ומבטאת תקווה לשלום ולשותפות גורל אנושית.",publish,project,יפו,מרכז פליציה בלומנטל למוזיקה,https://ranachoir.com/en/home-page-english/ ,מרכז,מחזור ה,נשים | יהודים וערבים,32.073121,4.77124,תרבות ואומנות | דיאלוג ושיח,ראנה.jpg
95,פיתוח תוכן יעודי להכשרות מורים בתחום שיקום היחסים בין קבוצות בחברה הישראלית,Promoting education to reduce prejudice and racism,"פיתוח יחידת תוכן וכתיבת חוברת למורה בעברית ובערבית בהושא דעות קדומות וגזענות, שיוטמעו בכל הכשרות מצמיחים המשותפות למורים יהודים וערבים המתקיימות מדי שנה",publish,project,"מוסדות אקדמיים להכשרת מורים, מרכזי פסג""ה ומה""דים בכל רחבי הארץ.",מצמיחים-המרכז להפחתת אלימות בבתי ספר,https://matzmichim.org.il,מרכז,מחזור ה,יהודים וערבים | אנשי מקצוע ופעילים,32.078932,34.885549,חינוך | דיאלוג ושיח,מצמיחים.jpg
96,שותפות ערבית-יהודית חוף הכרמל - ארוע אופני שטח בפרדיס,The Arab-Jewish Carmel villages partnership,"פעילות קהילתית באזור חוף הכרמל, שהוקמה בעקבות אירועי מאי 2021, במטרה ליצור קהילה אקטיביסטית ערבית-יהודית משותפת. המיזם מקיים מגוון אירועי תרבות, ספורט וסיוע לנזקקים, הפועלים לחיזוק השותפות ושיפור המצב המשותף באזור",publish,project,"בכל מרחב הפעילות. המרכז לאירועים שלנו הוא מתחם המעיין באזור התעשייה מעיין צבי, אך אירועים מתרחשים בפרדיס, ג'יסר א זרקא ועוד.",עמותת מבט,https://www.facebook.com/shirakarmel/?paipv=0&eav=AfbE6zcBnTCCKVjFPo08bBCu39a-GiF-Ozxdb9_mRv7A44uWa3yBZo8cLi7BReqf5mM&_rdr,כרמל,מחזור ה,יהודים וערבים | קהל מגוון,32.606547,34.94035,דיאלוג ושיח,מרכז יהודי ערבי כרמל.jpg
97,המשך - אקלים של אחדות,Climate of Unity,"קהילות צעירים המורכבות מחילוניים ודתיים, אשר לומדות, עוסקות ופועלות בתחום הקיימות. הקהילה מקיימת אירועי תרבות הפתוחים לקהל הרחב, ערבי לימוד, סדנאות, קבלות שבת, ארוחות שישי וסמינרים. בנוסף, חלק מחברי הקהילה לוקחים על עצמם משימה חינוכית ועוסקים בקידום מנהיגות סביבתית במסגרות קדם צבאיות ברחבי הארץ.",publish,project,באר שבע,טבע עברי,,ירושלים,מחזור ה,צעירים וסטודנטים | דתיים וחילונים,31.779247,35.214493,סביבה וטבע,אקלים של אחדות.jpg
98,הליכות דאלוגיות במרחב השכונתי / עירוני BEDO,Paving the Way,"פיתוח היכולת להוביל צוותים וקבוצות במציאות מקוטבת, דרך היכרות עם עקרונות וכלים מגישת ה-U, הנגשת הכלים באופן מותאם ליישום מיידי, ופיתוח תובנות של המשתתפים ביחס לעצמם ולמרחב שבו הם פועלים.",publish,project,חולון,"עמותת BeDo - לחולל שינוי,אחרת",https://bedo.org.il/,מרכז,מחזור ה,אנשי מקצוע ופעילים,32.014398,34.768335,קהילה ורווחה,שיפור מערכות יחסים.jpg
99,חממה לחיים משותפים בארגוני הנוער,The Shared Society Incubator in Youth Organizations,"התוכנית מקדמת לכידות חברתית וחיים משותפים בארגוני נוער דרך למידה עיונית ויישום פרויקטים שנתיים בשטח. באמצעות הקמת ""מיני חממה"" ופיתוח פדגוגיה ייעודית, המיזם מטמיע ערכי שותפות בקרב בעלי תפקידים להרחבת ההשפעה בארגון.",publish,project,בכל רחבי הארץ,עמותת מרחבים,https://qr.page/g/488rmOzR8Kb,מרכז,מחזור ה,נוער וילדים,31.9697,34.896641,,חממה לחיים משותפים.jpg
100,חממת יזמות תרבות-תיירות לנשים יוצרות בחברה הבדואית בנגב סטודיו משלך,Studio Mishelach - The center of Women's Art  in Jerusalem,"""סטודיו משלך"" הוא מרחב וקהילה לנשים אמניות המקדם שיח רב-תרבותי ושינוי חברתי דרך אמנות עכשווית ופרויקטים במרחב הציבורי. המרכז מציע גלריה, סדנאות ותוכנית מנטורינג ייחודית לקידום אמניות מהמגזר החרדי, הערבי והבדואי ליצירת גשרים בין אוכלוסיות בירושלים.",publish,project,רהט,סטודיו משלך,https://www.studioofherown.com/,דרום,מחזור ה,נוער וילדים | נשים,31.38643,34.752224,אומנות ותרבות,סטודיו משלך.jpg
101,מעגלי חיכאיאת (סיפורים),Maagaley Hikayat - Jewish and Arab women tell a new story in the Galilee,"מיזם ""חיכאיאת"" מחבר בין נשים דרך אמנות סיפור הסיפורים, הכשרות מקצועיות ותיעוד סיפורי ""חיים משותפים"" בעברית ובערבית. בשנת 2025 יתרחב המיזם להקלטת פודקאסטים, תחרויות כתיבה והקמת ""אוהל מספרות"" בפסטיבלים לקידום דיאלוג רב-תרבותי.",publish,project,"קליקה"" אזור תעשיה משותף לסכנין-משגב, תרדיון","דיאלוג - אדם, סביבה ומדע",https://hikayat.co.il/,צפון,מחזור ד,נשים | יהודים וערבים,32.867641,35.273358,תרבות ואומנות | דיאלוג ושיח,מעגלי חיכיאיית.jpg
102,מעגל סבאיא –  מעגל נשים שותפות,Sharaka - Women's circle Partnership,"מעגלי נשים לסטודנטיות יהודיות וערביות ממכללת תל חי. הפעילות כוללת גם סמינר, מפגש עם קבוצות אחרות, סיורי העמקה ושותפות ברשת הבוגרים של תוכניות ""זרעים של שותפות""",publish,project,מכללת תל חי,עמותת דרכים,https://hechalutz.com/programs/sabaya/,צפון,מחזור ד,נשים | יהודים וערבים,33.236432,35.5792,דיאלוג ושיח | מניגות ויזמות,מיזם מעגל סבאיא.jpg
103,נפגשים בשבילי אברהם אבינו,Meeting on the paths of Abraham our father,"מפגש והכרות מעמיקה של השפה, התרבות והמסורות הערבית לצעירים יהודים מקהילות שמרניות",publish,project,"בכל רחבי הארץ- לוד בני ברק (מודיעין עלית ) וירושלים . כמו כן, ביישובים ערביים שונים בארץ - מזרח ירושלים, אבו גוש, יפו, לוד, כוחלה (נגב), שפרעם וג'לג'וליה.",מכון חכמת התורה,,ירושלים,מחזור ד,יהודים וערבים,31.789647,35.205356,דיאלוג ושיח,בשבילי אברהם אבינו.png
104,על המקאם הזה: אמנות התרגום כאפשרות למפגש,Al Hamakam Haze (About this Place): Finding common ground through the Art of Translation,"על המקאם הזה היא תוכנית שנתית שמטרתה מפגש פואטי קבוע ומתמשך בין יוצרים ערבים ויהודים, שימוש בפרקטיקות התרגום ככלי לדיאלוג דו לשוני עמוק והיכרות רחבה יותר עם שתי השפות.",publish,project,חיפה,מקום לשירה,https://www.poetryplace.org/%D7%A2%D7%9C-%D7%94%D7%9E%D7%A7%D7%90%D7%9D-%D7%94%D7%96%D7%94/,כרמל,מחזור ה,יהודים וערבים,32.814287,35.001628,אומנות ותרבות,על המקאם מחזור ה.jpg
105,שיח נשי יהודי מוסלמי  יוזמות תקווה,Women envision hope,הקמת קבוצות מקומיות של נשים יוזמות תקווה ועשייה קהילתית מותאמת לשטח,publish,project,,,,מרכז,מחזור ה,נשים | יהודים וערבים,,,,
106,שוף אל נוף - מיזם טיולים משותפים,Shouf el Nof - Community-Based Cultural Heritage Tourism Development,"15 יזמים חברתיים, יהודים וערבים, ישתתפו בתוכנית לפיתוח תיירות קהילתית ויקיימו סיורים רב-תרבותיים באזור חוף הכרמל, זכרון יעקב והסביבה. היזמים יובילו סיורי פיילוט ויקימו מערך שיווק משותף שמטרתו לחזק ולספר את הנרטיב האזורי המשותף.",publish,project,בכל רחבי הארץ- סיורים בגליל חיפה ירושלים ובאר שבע נגב,עמותת מבט,https://www.mabat.org/%D7%A9%D7%95%D7%A3-%D7%90%D7%9C-%D7%A0%D7%95%D7%A3/,כרמל,מחזור ד,יהודים וערבים,32.627769,34.943788,חינוך | מנהיגות ויזמות | דיאלוג ושיח,שוף אל נוף מחזור ה.jpg
107,שכונת הפסיפס,Mosaic Neiborhood,"הפרויקט מציע יצירת פסיפסים קהילתיים ומשפחתיים המבטאים זהויות מגוונות לצד חיבור לזהות משותפת אחת. היצירות יוצגו במרחב הציבורי ויהפכו את השכונה למוקד של גאווה מקומית, עניין ותחושת שייכות עירונית ולאומית.",publish,project,מוזיאון פסיפס לוד,"אדרבה לוד המרכז למורשת התנאים ע""ר  מוזיאון פסיפס לוד - מוניקס",,מרכז,מחזור ו,קהל מגוון,31.954883,34.903451,אומנות ותרבות,תמונה פסיפס 1.jpg
108,חִבּוּרֵי יַלְדוּת,Early Childhood Bonds,"מיזם ""חיבורי ילדות"" נועד לחזק את הלכידות החברתית בין הקהילות והצוותים החינוכיים בישראל דרך התמקדות במשותף. המיזם כולל מפגשי צוות ואירועי שיא עם הורים וילדים סביב נושאי ילדות נוסטלגיים כמו משחקים, שירים וחלומות. מיזם ""חיבורי ילדות"" פועל במעונות יום, צהרונים ומרכזי הורות ומשפחה של החברה למתנ""סים, 10 קבוצות בפריסה ארצית.",publish,project,מתנ״ס נווה יוסף חיפה,האגודה לעידוד מרכזים קהילתיים בישראל,https://www.matnasim.org.il/program/bakehila,כרמל,מחזור ו,נוער וילדים | יהודים וערבים | אנשי מקצוע ופעילים,32.791244,35.019966,חינוך,חיבורי ילדות צהרוני מתנס נווה יוסף חיפה.jpeg
109,במה משותפת - תיאטרון לקירוב לבבות,shared stage- atheater that bring hearts closer,מפגשים של קבוצת ילדים יהודים וערבים שיצרו יחד בתהליך קבוצתי ויצרו יחד,publish,project,תיאטרון אלמינא החדש בנמל יפו . תיאטרון עם חזון במטרה לעורר השראה ולגשר ולתווך למען קיום משותף דרך אמנויות הבמה,עמותת אלמינא - בית ליוצרים,www.elminajaffa.com,מרכז,מחזור ו,נוער וילדים | יהודים וערבים,32.051297,34.74933,תרבות ואומנות | דיאלוג ושיח,1000303460 (1).jpg
110,אקוסיסטם הבוסתן לתמיכה בחברה משותפת,Bustan,"מיזם ""הבוסתן"" פועל לביסוס קהילה ומנהיגות ערבית-יהודית משותפת בנוף הגליל באמצעות מפגשים ואירועים קהילתיים. המיזם בונה שותפויות רב-מגזריות עם גופי ממשל, אקדמיה וחברה אזרחית כדי ליצור מערכת תומכת לחברה משתפת.",publish,project,נוף הגליל,"תיקון- מרכז לחינוך, מפגש ושינוי חברתי",https://www.facebook.com/bustan.sharedcommunity/?locale=he_IL,צפון,מחזור ו,נוער וילדים | נשים,32.717647,35.34611,קהילה ורווחה,תמונה הבוסתן.jpg
111,לחיות ביחד,living Together,"הפרויקט יוצר רצף של מפגשי העמקה, סדנאות על זהות ותרבות, ביקורים הדדיים, ולבסוף פרויקט חברתי משותף שנבחר ומבוצע יחד על ידי המשתתפים - תרומה מוחשית לחברה, המדגישה את הערכים של שותפות, אחריות ואזרחות פעילה.",publish,project,"צפון הארץ, יבנה",נוער מוביל שינוי,://aharai.org.il /,צפון,מחזור ו,נוער וילדים | יהודים וערבים,32.795866,35.332191,חינוך,תמונה לחיות ביחד.jpg
112,רוקמות שותפות,"“Embroidering Partnership""","המיזם מפגיש נשים בדואיות רוקמות, מעצבות מפולין וסטודנטים משנקר לעיצוב  קולקציית אופנת עילית משותפת, תוך עבודה משולבת ב”הנגריה” ביד מרדכי ובכפרים הבדואיים. הפעילות כוללת עיצוב, תפירה, תערוכות, סדנאות והרצאות המקדמות דו-קיום, שימור מורשת והעצמה קהילתית",publish,project,קיבוץ יד מרדכי,תוויתא מנגינה,,דרום,מחזור ו,צעירים וסטודנטים | נשים | יהודים וערבים,31.587409,34.560902,תרבות ואומנות,
113,נוער מוביל תרבות,Youth Culture Leadership Program,"נוער מוביל תרבות היא תוכנית שנתית לטיפוח בני ובנות נוער בעלי זיקה לתרבות ולאמנות, במטרה להכשירם כיזמים/ות ומנהיגים/ות בתחום. במהלך התוכנית המשתתפים זוכים להיכרות מעמיקה עם עולם התרבות באמצעות מפגשים עם יוצרים, סדנאות, הרצאות וסיורים, ולומדים כיצד להוציא לפועל יוזמות תרבות מהרעיון ועד הביצוע.",publish,project,"מקום לשירה: סירקין 5, חיפה",מקום לשירה & דרך רוח,https://bit.ly/4gFUONC,כרמל,מחזור ו,נוער וילדים | אנשי מקצוע ופעילים,32.800626,35.002014,תרבות ואומנות | דיאלוג ושיח,IMG-20260211-WA0074 (1).jpg
114,חינוך לשותפות - רשויות שכנות,Education for Partnership - Neighboring Municipalities,"תוכנית ""חינוך לשותפות"" מחברת בין רשויות יהודיות וערביות סמוכות בנגב ליצירת אמון והבנה הדדית בקרב הנהגות ואנשי חינוך. השלב הבא במיזם מרחיב את הפעילות למפגשים ישירים בין תלמידים בבתי הספר לקידום סובלנות וחיים משותפים.",publish,project,רהט + מ.א. בני שמעון + מרחבים ערד + כסיפה רח'מה + ירוחם,אג'יק - מכון הנגב,https://ajeec-nisped.org.il/?page_id=16336,דרום,מחזור ו,נוער וילדים | אנשי מקצוע ופעילים,31.362759,34.743899,חינוך | דיאלוג ושיח,
115,מסע בית הלל,The Bus,"קבוצה של דתיים וחרדים, נשים וגברים, תצא למסע ישראלי משותף לבניית שיח ישיר ולמידה משותפת על קבוצות וסוגיות מרכזיות בהוויה הישראלית",publish,project,רחבי הארץ,ארגון רבני ורבניות בית הלל,https://beithillel.org.il/,מרכז,מחזור ו,דתיים וחילונים | אנשי מקצוע ופעילים,31.862965,34.782832,חינוך,צילום מסך 2026-03-30 140033 (1) (1).png
116,חברה משותפת - המודל המקומי,Shared Society  -The Local Model,מספקים לרשויות כלים מעשיים ומסגרת מלווה לקידום יחסי ערבים-יהודים סביב סוגיות היום-יום,publish,project,רחבי הארץ,שיטה - מכון למדיניות מקומית,https://shittah.org/,מרכז,מחזור ו,יהודים וערבים,32.230375,34.906956,מנהיגות ויזמות,SHITTAH.png
117,כפר סטודנטים יהודי-ערבי,Jewish-Arab Students' Village,"כפר הסטודנטים היהודי ערבי בבאר שבע מבקש לנצל את ההזדמנות הייחודית של השלב הסטודנטיאלי בו יהודים וערבים יושבים זה לצד זה על ספסל הלימודים בכדי ליצור היכרות, דיאלוג מעמיק ושותפות במרחבי פעולה שונים.",publish,project,באר שבע,דרכים,https://hechalutz.com/programs/studenttogether/,דרום,מחזור ו,צעירים וסטודנטים | יהודים וערבים,31.271514,34.773421,חינוך | דיאלוג ושיח,תמונה כפר סטודנטים.jpg
118,יוצרים עתיד: חינוך אזרחי לדמוקרטיה בהכשרה להוראה,Shaping the Future: Civic Education for Democracy in Teacher Education,"מיזם ""יוצרים עתיד"" מכשיר אנשי חינוך לקידום חברה אזרחית מעורבת דרך מפגש בין סטודנטים להוראה מכלל המגזרים. יחד, הם פועלים בזירה חינוכית משותפת לעיצוב פני החברה ולחיזוק המרקם החברתי בישראל.",publish,project,כל הארץ,בר קיימא,https://www.facebook.com/profile.php?id=61571704450666,מרכז,מחזור ו,צעירים וסטודנטים,31.825432,34.844561,חינוך | דיאלוג ושיח,יוצרים עתיד תמונה.jpg
119,"מועדון האופניים הקהילתי ""המסלול יפו""",Ha-Maslul Jaffa – community cycling club,"מועדון האופניים הקהילתי ""המסלול יפו"" – המועדון הינו גשר מקצועי לענף ספורט האופניים עבור קהילת תושבי יפו והסביבה, מרכז פעילות פנאי ומרחב חינוכי לתוכניות רכיבה והכשרה לילדים, בני נוער ומבוגרים מכל קשת האוכלוסייה",publish,project,נמל יפו,חץ ומטרה (המסלול ),https://www.hamaslul.com/,מרכז,מחזור ו,נוער וילדים | נשים | יהודים וערבים,32.040365,34.770048,ספורט,קבוצת בנות בוולודרום.jpg
120,אנסמבל הנוער של הגליל של תזמורת ירושלים מזרח ומערב,The Galilee Youth Ensemble – Jerusalem East & West Orchestra”,"מיזם מוזיקלי של תזמורת ירושלים מזרח ומערב המטפח מצוינות ושותפות בין נוער יהודי וערבי בגליל המערבי. המשתתפים לומדים שפה מוזיקלית המשלבת מזרח ומערב, תחת הנחיית נגני התזמורת, בדרך לקונצרט משותף בעכו.",publish,project,",ירושלים, באר שבע, יפו, צפון אזור הגליל המערבי – ועכו.",תזמורת ירודשלים מזרח ומערב,https://www.jerusalem-orchestra.co.il,צפון,מחזור ו,נוער וילדים | יהודים וערבים,32.88583,35.168324,תרבות ואומנות | דיאלוג ושיח,תמונה אנסמבל הנוער.png
121,מובילות חיבור,Women Leading Connection,"מובילות חיבור' פועלת לפיתוח מנהיגות נשית מגשרת, שתפעל לקידום לכידות חברתית באמצעות קורסי גישור רב-תרבותיים, סיורים, ליווי ארגונים בתהליכי גיוון והכללה ומנטורינג בין-תרבותי. החזון: נשים ממגזרים שונים מובילות לצמצום הקיטובבחברההישראלית",publish,project,ארצית,קמח קידום מקצועי חרדי,http://www.movilot.org.il/,מרכז,מחזור ו,נשים | דתיים וחילונים,32.094695,34.853029,,מובילות חיבור.jpg
122,גשרים של הכרות,Bridges of Understanding,"פעילויות גיבוש וחיבור בין שני המגזרים להורדת מחסומים, חששות ויצירת הכרות",publish,project,לוד,הקרן לפיתוח לוד,https://www.lodfoundation.org/,מרכז,מחזור ו,נוער וילדים | יהודים וערבים,31.967555,34.90707,חינוך | דיאלוג ושיח,גשרים של היכרות תמונה.jpg
123,זורנא - קולקטיב ארטיביסטי יהודי ערבי לתרבות ולשינוי,Zurna,"זורנא מאגדת ארגוני תרבות ואמנים יהודים וערבים לקידום חיים משותפים בישראל.הקהילה מפתחת רשת מקצועית, מאגר נתונים, שיתופי פעולה ופעולות ציבוריות לשינוי תרבותי וחברתי.",publish,project,"פעילויות מתקיימות בפריסה רחבה ברחבי ישראל, בדגש על ערים מעורבות (תל אביב - יפו, ירושלים, חיפה וכו').",מרכז פליציה בלומנטל למוסיקה,https://www.idantoledano.com/zurna,מרכז,מחזור ו,יהודים וערבים | אנשי מקצוע ופעילים,32.040874,34.759576,תרבות ואומנות | דיאלוג ושיח,ZURNA PR.jpg
124,"שיפור מערכות יחסים בחברה מגוונת ומקוטבת בדרך ה-U; התוכנית: ""לפלס דרכים""",Paving the Way:Equipping Israel’s Civic/Social Leaders with the Tools to Bridge Divides,,publish,project,"הקורס נערך בתל אביב, בהשתתפות ארגונים מכל הארץ",,,מרכז,מחזור ו,אנשי מקצוע ופעילים,32.075635,34.77845,,תמונה BEDO.jpg
125,ספריה דו לשונית ערבית – עברית בלוד לעידוד קריאה בגיל הרך,Bilingual Library for Children in Yeruham - Rahma,,publish,project,טיפת חלב ירוחם המשרתת משפחות בכפר הלא מוכר רחמה,,,דרום,מחזור ו,קהל מגוון,30.992918,34.934345,תרבות ואומנות | דיאלוג ושיח,ספרייה דו לשונית.jpg
126,עוטף דג- כיתות האמן הטיפוליות של 100 דגים- הדג נחש,Hadag embraces,,publish,project,"יישובי עוטף עזה, צפון, שרון, מרכז",,,דרום,מחזור ו,נוער וילדים,31.455773,34.546861,תרבות ואומנות | חינוך,DA-185.jpg
127,אדבר איתך - שתי שפות. אהבה אחת.,I Shall Speak to You,,publish,project,רחבי הארץ,,www.rev-orch.com,מרכז,מחזור ו,נוער וילדים,,,,SabinePhotography-4834 (2).jpg
128,מכוונים גאווה,Kivunim Pride,,publish,project,"חיפה ,מרכז וזום (קבוצה ארצית)",,,כרמל,מחזור ו,"להט""ב | מוגבלויות | צעירים וסטודנטים",32.817744,34.992031,קהילה ורווחה,מכוונים גאווה.png
129,מעגלי נשים סבאיא,Sabaya circles,,publish,project,חיפה,,,כרמל,מחזור ו,נשים | יהודים וערבים,,,,סבאיא מחזור ו
130,הכשרת מנחים ופיתוח תוכן להפחתת דעות קדומות וגזענות,Facilitators Training and Developing Content to Reduce Prejudice and Racism,,publish,project,תוכן הסדנאות להפחתת גזענות מופעל באופן ארצי רחב,,,מרכז,מחזור ו,נוער וילדים | אנשי מקצוע ופעילים,32.078932,34.885549,חינוך,תמונה מצמיחים.jpg
131,בניית שדה השיח הבין-דתי בישראל,Building the field of interfaith and Middle Eastern dialogue,,publish,project,"ישראל והמזרח התיכון, המטה נמצא בירושלים",,,ירושלים,מחזור ו,אנשי מקצוע ופעילים,31.750144,35.201941,,תמונה בניית השיח הבין דתי.jpg
132,נשות הדבש של נחל ציפורי,The Honey Women of the Tzipori Strem,,publish,project,מגוון ישובים בנחל ציפורי,,,צפון,מחזור ו,נוער וילדים | נשים,32.749551,35.206871,סביבה וטבע,נשות הדבש
133,"חמ""ל התרבות בנגב – מקדמים תרבות משותפת",,,publish,project,,,,דרום,מחזור ו,קהל מגוון,31.386117,34.671278,תרבות ואומנות | דיאלוג ושיח,
134,"בוניה (bunya) ) – לומדים לתקשר, להכיר ולהתחבר",Bunya,,publish,project,ירושלים,,,ירושלים,מחזור ו,אנשי מקצוע ופעילים,,,,WhatsApp Image 2026-04-16 at 09.35.36 (1).jpeg
